element_id	contig_id	start	end	length	strand	family	tpase_gene_id	tpase_score	tpase_evalue	composite_score	status	method	tir_length	tir_identity	tsd_length	tsd_sequence	structural_evidence	notes
DeepISE_NC_002516.2_0001	NC_002516.2	288039	289415	1376	-	IS3	NC_002516.2_263	236.1	2.4e-70	0.8025	partial	plan_a	13	0.769	7	GAAGCTC		TIR:13bp; TSD:GAAGCTC
DeepISE_NC_002516.2_0002	NC_002516.2	306699	307919	1220	-	IS630	NC_002516.2_277	11.3	0.044	0.4663	partial	plan_a	13	0.769	7	GTCGAAC		TIR:13bp; TSD:GTCGAAC
DeepISE_NC_002516.2_0003	NC_002516.2	320610	322115	1505	+	ISL3	NC_002516.2_291	36.6	7.1e-10	0.5104	partial	plan_a	14	0.786	3	GGC		TIR:14bp; TSD:GGC
DeepISE_NC_002516.2_0004	NC_002516.2	500018	501400	1382	-	IS110	NC_002516.2_454	226.5	1.4e-67	0.8636	complete	plan_a					is110_recombination	Structure:is110_recombination
DeepISE_NC_002516.2_0005	NC_002516.2	580876	581902	1026	+	IS5	NC_002516.2_532	11.2	0.051	0.4636	partial	plan_a	13	0.769	3	ACC		TIR:13bp; TSD:ACC
DeepISE_NC_002516.2_0006	NC_002516.2	762668	763830	1162	+	IS1182	NC_002516.2_704	19.7	0.00011	0.4418	partial	plan_a	13	0.769	4	GTGC		TIR:13bp; TSD:GTGC
DeepISE_NC_002516.2_0007	NC_002516.2	788614	789229	615	+	IS607	NC_002516.2_731	15.8	0.0019	0.4169	partial	plan_a	13	0.769	2	GG		""
DeepISE_NC_002516.2_0008	NC_002516.2	831088	831953	865	+	IS630	NC_002516.2_780	13.8	0.0073	0.3947	partial	plan_a	12	0.75	3	TGG		TIR:12bp; TSD:TGG
DeepISE_NC_002516.2_0009	NC_002516.2	992674	993460	786	+	IS3	NC_002516.2_926	13.3	0.0099	0.3977	partial	plan_a	12	0.75	2	GC		TIR:12bp; TSD:GC
DeepISE_NC_002516.2_0010	NC_002516.2	1051587	1052558	971	+	IS110	NC_002516.2_987	15.3	0.0023	0.5243	partial	plan_a					is110_recombination	Structure:is110_recombination
DeepISE_NC_002516.2_0011	NC_002516.2	1061127	1062477	1350	-	IS3	NC_002516.2_998	294.0	6.5e-88	0.7667	partial	plan_a	12	0.75	5	CGCTG		TIR:12bp; TSD:CGCTG
DeepISE_NC_002516.2_0012	NC_002516.2	1064760	1065477	717	+	IS3	NC_002516.2_1003	72.3	1.3e-20	0.5112	partial	plan_a	14	0.786	6	GTCGAG		TIR:14bp; TSD:GTCGAG
DeepISE_NC_002516.2_0013	NC_002516.2	1068132	1069352	1220	+	IS3	NC_002516.2_1005	283.2	1.2e-84	0.7916	partial	plan_a	16	0.812	2	GC		TIR:16bp; TSD:GC
DeepISE_NC_002516.2_0014	NC_002516.2	1481152	1482837	1685	-	IS1182	NC_002516.2_1394	222.2	3.9e-66	0.87	complete	plan_a	25	0.88	3	GCC		TIR:25bp; TSD:GCC
DeepISE_NC_002516.2_0015	NC_002516.2	1518662	1519676	1014	+	IS630	NC_002516.2_1423	13.7	0.0082	0.461	partial	plan_a	16	0.812	2	CT		TIR:16bp; TSD:CT
DeepISE_NC_002516.2_0016	NC_002516.2	1677293	1678480	1187	+	IS3	NC_002516.2_1566	10.7	0.061	0.4166	partial	plan_a	12	0.75	2	AG		TIR:12bp; TSD:AG
DeepISE_NC_002516.2_0017	NC_002516.2	1984977	1986136	1159	-	ISLre2	NC_002516.2_1861	13.2	0.0088	0.5009	partial	plan_a	14	0.786	9	TCGCCGGGC		TIR:14bp; TSD:TCGCCGGGC
DeepISE_NC_002516.2_0018	NC_002516.2	2049198	2050115	917	-	IS3	NC_002516.2_1918	13.4	0.0095	0.4604	partial	plan_a	13	0.769	5	CGGCG		TIR:13bp; TSD:CGGCG
DeepISE_NC_002516.2_0019	NC_002516.2	2085220	2086021	801	-	IS630	NC_002516.2_1953	12.4	0.019	0.4247	partial	plan_a	13	0.769	4	CAGG		TIR:13bp; TSD:CAGG
DeepISE_NC_002516.2_0020	NC_002516.2	2118487	2119870	1383	+	IS3	NC_002516.2_1978	312.9	1.2e-93	0.7625	partial	plan_a	12	0.75	6	CTCAAT		TIR:12bp; TSD:CTCAAT
DeepISE_NC_002516.2_0021	NC_002516.2	2129150	2130734	1584	+	IS481	NC_002516.2_1987	16.3	0.0013	0.3922	partial	plan_a	12	0.75	2	TC		TIR:12bp; TSD:TC
DeepISE_NC_002516.2_0022	NC_002516.2	2165830	2166678	848	+	IS630	NC_002516.2_2023	13.5	0.0092	0.4398	partial	plan_a	13	0.769	4	GTTG		TIR:13bp; TSD:GTTG
DeepISE_NC_002516.2_0023	NC_002516.2	2442888	2444490	1602	+	ISNCY	NC_002516.2_2274	160.1	3.6e-47	0.8334	complete	plan_a	17	0.824	4	CTCC		TIR:17bp; TSD:CTCC
DeepISE_NC_002516.2_0024	NC_002516.2	2503206	2504014	808	-	IS607	NC_002516.2_2326	16.2	0.0015	0.4878	partial	plan_a	14	0.786	3	CCG		""
DeepISE_NC_002516.2_0025	NC_002516.2	2556867	2558239	1372	+	IS110	NC_002516.2_2372	226.5	1.4e-67	1.0	complete	plan_a					is110_recombination	Structure:is110_recombination
DeepISE_NC_002516.2_0026	NC_002516.2	2627231	2628402	1171	+	IS630	NC_002516.2_2429	11.4	0.04	0.4682	partial	plan_a	16	0.812	2	CG		TIR:16bp; TSD:CG
DeepISE_NC_002516.2_0027	NC_002516.2	2785914	2787038	1124	-	IS21	NC_002516.2_2519	13.9	0.0056	0.4208	partial	plan_a	15	0.8	4	TCGT		TIR:15bp; TSD:TCGT
DeepISE_NC_002516.2_0028	NC_002516.2	3043664	3045046	1382	-	IS110	NC_002516.2_2748	226.5	1.4e-67	0.8636	complete	plan_a					is110_recombination	Structure:is110_recombination
DeepISE_NC_002516.2_0029	NC_002516.2	3057811	3058971	1160	-	IS3	NC_002516.2_2762	14.3	0.0051	0.4667	partial	plan_a	14	0.786	4	GGAT		TIR:14bp; TSD:GGAT
DeepISE_NC_002516.2_0030	NC_002516.2	3276017	3277542	1525	-	IS1	NC_002516.2_2994	11.3	0.049	0.4388	partial	plan_a	13	0.769	6	GCAGGC		TIR:13bp; TSD:GCAGGC
DeepISE_NC_002516.2_0031	NC_002516.2	3506162	3507451	1289	-	IS481	NC_002516.2_3199	10.9	0.057	0.4672	partial	plan_a	17	0.824	2	GA		TIR:17bp; TSD:GA
DeepISE_NC_002516.2_0032	NC_002516.2	3527179	3527838	659	-	IS3	NC_002516.2_3217	62.1	1.5e-17	0.4874	partial	plan_a	12	0.75	6	ATCGCC		TIR:12bp; TSD:ATCGCC
DeepISE_NC_002516.2_0033	NC_002516.2	3754585	3757462	2877	-	IS256	NC_002516.2_3422	10.7	0.064	0.45	partial	plan_a	14	0.786	6	AGGGCG		TIR:14bp; TSD:AGGGCG
DeepISE_NC_002516.2_0034	NC_002516.2	3842188	3843570	1382	-	IS110	NC_002516.2_3514	226.5	1.4e-67	0.8636	complete	plan_a					is110_recombination	Structure:is110_recombination
DeepISE_NC_002516.2_0035	NC_002516.2	4015248	4016201	953	+	IS30	NC_002516.2_3665	15.4	0.0025	0.4401	partial	plan_a	13	0.769	5	TGTTC		TIR:13bp; TSD:TGTTC
DeepISE_NC_002516.2_0036	NC_002516.2	4130880	4131673	793	-	IS607	NC_002516.2_3771	15.3	0.0028	0.4857	partial	plan_a	16	0.812	6	CGCTTC		""
DeepISE_NC_002516.2_0037	NC_002516.2	4228745	4230098	1353	+	IS630	NC_002516.2_3853	12.8	0.015	0.4549	partial	plan_a	12	0.75	6	AGAAGG		TIR:12bp; TSD:AGAAGG
DeepISE_NC_002516.2_0038	NC_002516.2	4330154	4331124	970	+	IS607	NC_002516.2_3950	32.4	1.6e-8	0.5256	partial	plan_a	16	0.812	2	CT		""
DeepISE_NC_002516.2_0039	NC_002516.2	4346771	4347705	934	+	IS30	NC_002516.2_3962	14.5	0.0046	0.4673	partial	plan_a	17	0.824	4	CTCG		TIR:17bp; TSD:CTCG
DeepISE_NC_002516.2_0040	NC_002516.2	4473542	4474914	1372	+	IS110	NC_002516.2_4079	226.5	1.4e-67	1.0	complete	plan_a					is110_recombination	Structure:is110_recombination
DeepISE_NC_002516.2_0041	NC_002516.2	4499969	4501967	1998	-	IS481	NC_002516.2_4107	14.2	0.0054	0.394	partial	plan_a	12	0.75	4	GCCT		TIR:12bp; TSD:GCCT
DeepISE_NC_002516.2_0042	NC_002516.2	4554286	4555443	1157	+	IS21	NC_002516.2_4164	12.8	0.012	0.3899	partial	plan_a	15	0.8	6	CGGCCG		TIR:15bp; TSD:CGGCCG
DeepISE_NC_002516.2_0043	NC_002516.2	4558682	4559795	1113	-	IS630	NC_002516.2_4167	12.5	0.018	0.4666	partial	plan_a	13	0.769	3	GGT		TIR:13bp; TSD:GGT
DeepISE_NC_002516.2_0044	NC_002516.2	4639481	4641559	2078	-	IS481	NC_002516.2_4236	11.2	0.044	0.3928	partial	plan_a	14	0.786	2	CT		TIR:14bp; TSD:CT
DeepISE_NC_002516.2_0045	NC_002516.2	4692906	4693945	1039	-	IS1595	NC_002516.2_4285	15.0	0.0039	0.4807	partial	plan_a	16	0.812	4	GCCG		TIR:16bp; TSD:GCCG
DeepISE_NC_002516.2_0046	NC_002516.2	4820238	4821378	1140	+	IS1595	NC_002516.2_4385	10.9	0.068	0.4179	partial	plan_a	13	0.769	8	TGCCTGCT		TIR:13bp; TSD:TGCCTGCT
DeepISE_NC_002516.2_0047	NC_002516.2	4883532	4884782	1250	+	ISNCY	NC_002516.2_4446	16.3	0.0015	0.5006	partial	plan_a	17	0.824	3	CCG		TIR:17bp; TSD:CCG
DeepISE_NC_002516.2_0048	NC_002516.2	5226965	5227959	994	+	IS607	NC_002516.2_4757	16.7	0.0011	0.489	partial	plan_a	12	0.75	3	GCC		""
DeepISE_NC_002516.2_0049	NC_002516.2	5382710	5384092	1382	-	IS110	NC_002516.2_4897	226.5	1.4e-67	0.8636	complete	plan_a					is110_recombination	Structure:is110_recombination
DeepISE_NC_002516.2_0050	NC_002516.2	5473581	5474801	1220	+	IS607	NC_002516.2_4981	10.8	0.067	0.4752	partial	plan_a	15	0.8	7	GCGCTGC		""
DeepISE_NC_002516.2_0051	NC_002516.2	5489307	5490747	1440	-	ISL3	NC_002516.2_4998	16.3	0.00099	0.5131	partial	plan_a	14	0.786	6	TTCATG		TIR:14bp; TSD:TTCATG
DeepISE_NC_002516.2_0052	NC_002516.2	5490591	5491287	696	-	IS630	NC_002516.2_4999	14.1	0.0061	0.4288	partial	plan_a	14	0.786	4	GCCG		TIR:14bp; TSD:GCCG
DeepISE_NC_002516.2_0053	NC_002516.2	5969932	5970879	947	-	IS21	NC_002516.2_5410	13.2	0.0088	0.4557	partial	plan_a	16	0.812	6	GCCCCG		TIR:16bp; TSD:GCCCCG
