seq_id	score
tpase_004048	0.9999248
tpase_004403	0.9999982
tpase_004673	0.9997625
tpase_004684	0.9999988
tpase_002437	1.0
tpase_004384	0.9999995
tpase_006725	1.0
tpase_005887	1.391686e-7
tpase_006445	0.9999999
tpase_005299	1.0
tpase_006150	0.9999999
tpase_005322	1.0
tpase_003228	1.0
tpase_002196	1.0
tpase_006029	1.0
tpase_001691	0.9999995
tpase_002281	0.9999995
tpase_000227	1.6616626e-14
tpase_004987	1.0
tpase_000046	0.9999603
tpase_005258	1.0
tpase_002564	1.0
tpase_003875	1.0
tpase_000534	1.0
tpase_001328	0.9999975
tpase_001213	1.0
tpase_004356	1.0
tpase_002646	0.9999685
tpase_003834	0.99999964
tpase_004126	0.9999969
tpase_006405	0.99999654
tpase_005295	1.7516665e-8
tpase_002405	0.99999917
tpase_000643	1.0
tpase_001665	0.99999976
tpase_001887	1.0
tpase_003788	0.9999994
tpase_003481	1.0
tpase_000620	0.99999976
tpase_000089	0.9999999
tpase_005266	1.0
tpase_002696	1.0
tpase_005437	1.0
tpase_006896	1.0
tpase_002488	0.99997413
tpase_004996	0.99999976
tpase_001167	1.0
tpase_002539	1.0
tpase_003952	1.0
tpase_003365	1.0
tpase_004358	1.0
tpase_002971	0.9999999
tpase_006239	0.9999963
tpase_005120	1.0
tpase_001685	1.0
tpase_001916	0.999876
tpase_000408	1.0
tpase_000873	1.0
tpase_003463	1.0
tpase_006762	0.99999976
tpase_003348	1.0
tpase_003627	0.9996598
tpase_002154	0.9999975
tpase_004962	0.9999999
tpase_005846	0.99999976
tpase_004762	1.0
tpase_003857	0.9999995
tpase_003268	1.0
tpase_005595	1.0
tpase_001908	1.0
tpase_005252	0.9999974
tpase_005385	0.47675693
tpase_006448	0.99997044
tpase_000305	1.0
tpase_007010	1.0
tpase_005873	1.0
tpase_001625	1.0
tpase_005025	1.0
tpase_000921	0.9999962
tpase_002218	0.99997735
tpase_004631	0.99999964
tpase_004506	1.0
tpase_005881	1.0
tpase_000048	0.99994385
tpase_001977	1.0
tpase_000957	0.99998987
tpase_002313	0.99999774
tpase_002475	1.0
tpase_001915	0.99999404
tpase_002343	1.0
tpase_003542	1.0
tpase_000912	0.99997056
tpase_000427	0.99999726
tpase_006655	1.0
tpase_000900	0.9999907
tpase_005593	0.9999801
tpase_002616	0.9999989
tpase_007070	1.0
tpase_003446	0.9999764
tpase_006122	1.0
tpase_004173	1.0
tpase_005041	1.0
tpase_004455	1.0
tpase_002148	0.99999976
tpase_002730	1.0
tpase_004775	0.9999907
tpase_005510	0.99999976
tpase_003404	0.99992955
tpase_005644	0.99999726
tpase_000822	1.0
tpase_006478	1.0
tpase_000426	1.0
tpase_001544	0.9997658
tpase_002953	0.9999815
tpase_003798	0.9999989
tpase_001601	1.0
tpase_005669	1.0
tpase_006188	0.9998933
tpase_004882	1.0
tpase_006072	0.999995
tpase_002756	0.9999999
tpase_005398	1.0
tpase_004484	1.0
tpase_004376	0.24422409
tpase_000177	1.0
tpase_000410	1.0
tpase_000872	1.0
tpase_005017	1.0
tpase_004999	1.0
tpase_003832	1.0
tpase_006389	0.9997719
tpase_005861	1.0
tpase_004686	0.9999553
tpase_005616	0.99997544
tpase_003282	0.9999999
tpase_006637	0.9971796
tpase_000150	0.99996936
tpase_001740	0.9999976
tpase_003583	0.9989974
tpase_004189	1.0
tpase_000418	1.0
tpase_006532	0.9999999
tpase_003563	0.99985933
tpase_004448	0.99998236
tpase_002116	0.9999995
tpase_003910	1.0
tpase_005296	0.9999548
tpase_001019	0.99999607
tpase_000814	0.9980439
tpase_001163	0.99991286
tpase_000937	0.99999475
tpase_001561	0.9999994
tpase_006942	0.9998839
tpase_004861	1.0
tpase_001741	0.99999976
tpase_003465	0.9999907
tpase_002280	1.0
tpase_001976	1.0
tpase_002185	1.0
tpase_000201	1.0
tpase_000743	1.0
tpase_002957	1.0
tpase_003648	0.9996331
tpase_006773	1.0
tpase_003015	1.0
tpase_004937	1.0
tpase_003049	0.99999917
tpase_004380	0.360422
tpase_003561	0.99995816
tpase_003933	1.0
tpase_002926	0.9999993
tpase_002299	1.0
tpase_002234	1.0
tpase_000755	1.0
tpase_005949	1.0
tpase_002354	1.0
tpase_005042	0.99999964
tpase_003715	1.0
tpase_005036	0.9999999
tpase_006954	1.0
tpase_000079	1.0
tpase_002755	0.9999987
tpase_003904	1.0
tpase_005072	1.0
tpase_006013	0.9999726
tpase_000973	1.0
tpase_002417	1.0
tpase_000914	0.99999654
tpase_001628	0.9999987
tpase_001973	1.0
tpase_005629	1.0
tpase_006294	1.0
tpase_003462	1.0
tpase_003637	0.9999999
tpase_003585	0.9999939
tpase_000068	0.99999964
tpase_004418	1.0
tpase_006447	0.99998415
tpase_003750	0.9993399
tpase_001485	0.99999964
tpase_003231	1.0
tpase_001033	0.9999999
tpase_003133	1.0
tpase_004949	1.0
tpase_001560	1.0
tpase_001914	0.9999163
tpase_006327	0.99974984
tpase_005182	1.0
tpase_003745	0.9999999
tpase_006712	1.0
tpase_005547	1.0
tpase_003504	1.0
tpase_004543	0.9999999
tpase_000237	0.99999917
tpase_004040	0.999984
tpase_004371	1.0
tpase_001542	0.9999299
tpase_001511	0.9999993
tpase_002321	1.0
tpase_001424	0.99999595
tpase_005494	1.0
tpase_004945	0.9996958
tpase_004405	0.9999999
tpase_004833	0.9999813
tpase_006781	1.0
tpase_003862	1.0
tpase_007063	1.0
tpase_001859	1.0
tpase_005548	0.999995
tpase_002497	1.0
tpase_001496	1.0
tpase_005274	1.0
tpase_000935	0.99999166
tpase_002591	1.0
tpase_004932	0.13242887
tpase_005288	0.9999993
tpase_005405	0.9999999
tpase_004950	1.0
tpase_005888	9.350408e-8
tpase_004515	1.0
tpase_000661	1.0
tpase_000085	1.0
tpase_003566	0.9998847
tpase_004066	0.005112412
tpase_001259	1.0
tpase_001161	0.9999554
tpase_004879	1.0
tpase_001626	1.0
tpase_000662	0.9999999
tpase_003871	0.9999999
tpase_006710	1.0
tpase_003280	0.99999666
tpase_000652	0.9999999
tpase_000411	1.0
tpase_006933	1.7476884e-8
tpase_003327	0.9998864
tpase_002402	0.9999999
tpase_001645	0.99999666
tpase_003500	0.9999982
tpase_004610	1.0
tpase_005308	1.0
tpase_002645	0.9999943
tpase_002955	0.99998784
tpase_002785	1.0
tpase_000285	1.0
tpase_000406	1.0
tpase_003275	1.0
tpase_004953	1.0
tpase_002056	0.9998503
tpase_001129	0.9999081
tpase_004674	0.99998856
tpase_000425	1.0
tpase_000086	1.0
tpase_003210	1.0
tpase_000656	0.9999999
tpase_003732	1.0
tpase_001397	0.9999999
tpase_005284	1.0
tpase_003848	0.00014049083
tpase_004781	0.9999627
tpase_004102	1.0
tpase_004700	1.0
tpase_003499	0.9999999
tpase_004934	1.0
tpase_004944	0.9997017
tpase_004252	1.0
tpase_003313	1.0
tpase_004687	0.99999976
tpase_001913	1.0
tpase_005425	1.0
tpase_000834	1.0
tpase_000223	0.9999951
tpase_006282	0.9999982
tpase_000404	1.0
tpase_006495	0.9998467
tpase_004514	0.18495125
tpase_004928	1.0
tpase_005264	0.4189972
tpase_003181	0.99999905
tpase_000526	0.9999976
tpase_001046	0.019808112
tpase_001162	0.9995708
tpase_002894	0.99999726
tpase_002522	0.9999887
tpase_003850	1.0
tpase_001506	1.0
tpase_005707	1.0
tpase_005021	0.99999857
tpase_005981	0.9999825
tpase_000655	1.0
tpase_004383	0.99999654
tpase_000653	0.9999999
tpase_002593	1.0
tpase_001402	0.9999225
tpase_002315	1.0
tpase_004463	1.0
tpase_005815	0.999987
tpase_003565	0.99995005
tpase_006006	1.0
tpase_006497	0.99998856
tpase_005123	0.9999975
tpase_003763	1.0
tpase_005471	1.0
tpase_000835	1.0
tpase_000428	0.9999999
tpase_000389	1.0
tpase_004464	0.9999999
tpase_004855	1.0
tpase_003825	0.99999976
tpase_002947	1.0
tpase_006881	1.0
tpase_006221	0.9998443
tpase_005000	0.99999976
tpase_000744	0.9999926
tpase_006916	0.9999417
tpase_001910	1.0
tpase_005744	0.99999714
tpase_004407	0.9999999
tpase_004049	0.9999368
tpase_003826	0.99999917
tpase_004370	0.0351867
tpase_002317	1.0
tpase_000815	0.9999417
tpase_000506	0.9999976
tpase_001991	1.0
tpase_004414	1.0
tpase_004878	1.0
tpase_003354	0.99999976
tpase_002454	1.0
tpase_004853	0.09313794
tpase_004784	1.0
tpase_006312	0.9999974
tpase_005607	0.99999964
tpase_004834	0.99999106
tpase_006434	0.99998736
tpase_006275	0.99994063
tpase_001160	0.9999987
tpase_000405	1.0
tpase_000585	1.0
tpase_004047	0.99997926
tpase_001125	0.9999999
tpase_004856	0.84766215
tpase_004216	0.99999464
tpase_004318	0.9999826
tpase_000958	1.0
tpase_002195	1.0
tpase_006767	0.99999964
tpase_006313	0.9999988
tpase_002545	1.0
tpase_005285	1.0
tpase_002724	1.0
tpase_005980	0.99999964
tpase_005360	1.0
tpase_003572	1.0
tpase_007001	0.99985063
tpase_002567	1.0
tpase_004164	1.0
tpase_004777	0.99997926
tpase_003102	1.0
tpase_001861	1.0
tpase_000432	1.0
tpase_004121	0.99048936
tpase_004036	1.0
tpase_001499	1.0
tpase_001896	1.0
tpase_000412	1.0
tpase_004067	1.0
tpase_006087	0.9998253
tpase_001974	1.0
tpase_000934	0.9999877
tpase_000883	1.0
tpase_005383	0.99998343
tpase_005157	1.0
tpase_001930	1.0
tpase_004052	0.99965143
tpase_004288	1.0
tpase_004685	0.999933
tpase_005836	0.9999739
tpase_003614	0.99995685
tpase_001627	1.0
tpase_006392	0.99999976
tpase_007091	0.99992347
tpase_005558	1.0
tpase_000333	1.0
tpase_004776	0.9999814
tpase_003089	0.99959415
tpase_003602	0.994115
tpase_004859	0.36880398
tpase_004039	0.99994624
tpase_006300	1.0
tpase_005065	1.0
tpase_001403	0.9996704
tpase_001992	1.0
tpase_003697	0.9999995
tpase_004880	0.038872883
tpase_001487	0.99999976
tpase_001731	1.0
tpase_000920	0.9999976
tpase_005453	1.0
tpase_006321	0.999992
tpase_004544	1.0
tpase_005615	0.9772325
tpase_001395	1.0
tpase_004955	1.0
tpase_007064	1.0
tpase_001406	0.99999976
tpase_001858	1.0
tpase_004103	1.0
tpase_000658	0.99998
tpase_003793	1.0
tpase_006199	0.9999995
tpase_006492	1.0
tpase_001620	0.9999999
tpase_004002	1.0
tpase_004454	1.0
tpase_006939	1.0
tpase_005569	0.99999344
tpase_003584	0.99999976
tpase_000567	0.9999213
tpase_006643	1.0
tpase_003699	0.9999989
tpase_005622	0.9999988
tpase_006678	1.0
tpase_003564	0.999853
tpase_003189	0.9999993
tpase_002134	0.99999917
tpase_006727	1.0
tpase_004933	1.0
tpase_001344	1.0
tpase_004295	1.0
tpase_003636	0.99995935
tpase_000423	0.9999999
tpase_005880	1.0
tpase_001853	1.0
tpase_002098	1.0
tpase_003347	1.0
tpase_001545	0.99994624
tpase_005168	1.0
tpase_004406	1.0
tpase_004123	0.99971884
tpase_005064	1.0
tpase_003870	1.0
tpase_006217	0.99998665
tpase_004361	0.85022515
tpase_006795	0.9999937
tpase_001128	0.9999999
tpase_002647	0.9999924
tpase_004783	0.99998903
tpase_005291	0.99996567
tpase_004478	1.0
tpase_004319	0.99990463
tpase_006650	1.0
tpase_006875	1.0
tpase_003184	0.99999964
tpase_001287	1.0
tpase_006457	1.0
tpase_002412	1.0
tpase_002200	1.0
tpase_004936	1.0
tpase_004613	0.9999988
tpase_001471	1.0
tpase_002595	0.13183945
tpase_005496	1.0
tpase_000913	0.9999752
tpase_002927	0.99995697
tpase_004737	1.0
tpase_005513	1.0
tpase_003445	0.9999502
tpase_007087	1.0
tpase_005395	1.0
tpase_002903	0.99999905
tpase_003883	1.0
tpase_007090	1.0
tpase_002985	1.0
tpase_004854	1.0
tpase_003688	0.99999523
tpase_004317	0.999998
tpase_005817	1.0
tpase_002895	1.0
tpase_006111	0.9998752
tpase_004678	0.99930084
tpase_006223	0.9999683
tpase_003125	1.0
tpase_002592	0.0037524768
tpase_004020	0.9999999
tpase_001718	1.0
tpase_002589	0.0017612686
tpase_001457	1.0
tpase_003897	0.99999297
tpase_000123	1.0
tpase_003229	1.0
tpase_006391	0.9999895
tpase_003867	1.0
tpase_003284	1.0
tpase_003083	0.9999999
tpase_004034	0.010232252
tpase_006372	0.99999464
tpase_003079	0.9999963
tpase_004873	1.0
tpase_005495	0.9999999
tpase_002863	0.99999976
tpase_004025	0.9999999
tpase_002954	0.9999949
tpase_003578	0.99994874
tpase_003183	0.9999925
tpase_000080	1.0
tpase_005837	0.9999089
tpase_000419	1.0
tpase_004738	1.0
tpase_002074	0.99953234
tpase_005935	1.0
tpase_004289	0.99990356
tpase_004027	0.9999999
tpase_004362	0.18440022
tpase_003632	1.0
tpase_003075	0.9999999
tpase_005484	1.0
tpase_003314	1.0
tpase_005742	0.999998
tpase_006222	0.9999918
tpase_001717	1.0
tpase_004961	0.99999964
tpase_005057	1.0
tpase_005297	1.0
tpase_006157	0.9999994
tpase_002355	1.0
tpase_001602	1.0
tpase_002688	0.9999701
tpase_006549	0.9999938
tpase_000504	0.99999726
tpase_005470	1.0
tpase_005399	1.0
tpase_001562	0.9999995
tpase_003824	0.9999933
tpase_001512	0.99999225
tpase_007068	0.99999905
tpase_003379	1.0
tpase_004611	1.0
tpase_005119	1.0
tpase_002584	1.0
tpase_004296	0.9999945
tpase_003103	1.0
tpase_006999	0.9999192
tpase_006097	1.0
tpase_006653	0.17787282
tpase_000660	0.99999154
tpase_003414	0.9999995
tpase_002147	0.99999964
tpase_003182	0.99998176
tpase_003273	1.0
tpase_001664	0.9999993
tpase_000416	1.0
tpase_005446	1.0
tpase_003496	1.0
tpase_002007	1.0
tpase_004714	1.0
tpase_001130	0.999998
tpase_003501	0.9999963
tpase_005956	0.99999976
tpase_007002	0.99995387
tpase_000422	0.9999999
tpase_005404	0.9999999
tpase_006311	0.9999988
tpase_002871	0.99991214
tpase_006876	0.99997044
tpase_000569	0.9999993
tpase_003836	0.99999976
tpase_001591	1.0
tpase_002594	1.0
tpase_006606	0.99999976
tpase_000641	1.0
tpase_006496	0.99989104
tpase_002162	0.9999945
tpase_004591	1.0
tpase_000429	1.0
tpase_004432	0.99999964
tpase_002763	1.0
tpase_006273	0.99999547
tpase_004065	1.0
tpase_003905	1.0
tpase_001600	1.0
tpase_000284	1.0
tpase_003223	1.0
tpase_003332	1.0
tpase_004599	0.99999833
tpase_000083	0.9999995
tpase_004782	0.9999987
tpase_001407	1.0
tpase_001486	1.0
tpase_006406	0.99999404
tpase_005901	1.0
tpase_004489	1.0
tpase_000831	1.0
tpase_004364	0.0056476123
tpase_005024	0.9999999
tpase_002424	1.0
tpase_001676	1.0
tpase_002476	1.0
tpase_000995	1.0
tpase_000414	0.99999976
tpase_001663	0.99999785
tpase_000654	1.0
tpase_001739	1.0
tpase_004817	0.9969574
tpase_000785	1.0
tpase_004366	1.0
tpase_004715	1.0
tpase_005388	0.9999981
tpase_006527	1.0
tpase_000015	1.0
tpase_002597	1.0
tpase_003899	0.99999976
tpase_003177	1.0
tpase_005069	1.0
tpase_004108	0.99999523
tpase_000933	0.99996793
tpase_004310	1.0
tpase_001294	0.9999883
tpase_002146	0.99999976
tpase_005009	0.99999976
tpase_006205	1.0
tpase_004780	0.99999285
tpase_002070	0.99999654
tpase_001389	1.0
tpase_004860	1.0
tpase_004035	1.0
tpase_004609	0.9999876
tpase_006240	1.0
tpase_003517	0.99586344
tpase_000403	1.0
tpase_006338	1.0
tpase_004290	0.9999893
tpase_006042	0.9999999
tpase_006691	0.99999523
tpase_000619	0.99999976
tpase_004688	0.99989104
tpase_004778	0.99999666
tpase_002069	0.99999905
tpase_003336	1.0
tpase_004046	0.9985582
tpase_007003	0.99998796
tpase_001218	1.0
tpase_000420	1.0
tpase_005323	1.0
tpase_003724	0.9999814
tpase_001727	1.0
tpase_006998	0.99970144
tpase_004125	1.0
tpase_005426	1.0
tpase_001279	0.999997
tpase_002054	1.0
tpase_000747	1.0
tpase_005544	1.0
tpase_006654	1.0
tpase_001940	1.0
tpase_004835	0.999962
tpase_000407	1.0
tpase_004299	0.9999808
tpase_001217	1.0
tpase_004795	1.0
tpase_001692	0.9999883
tpase_002021	1.0
tpase_004412	0.9999999
tpase_001693	0.99999845
tpase_003690	0.99997723
tpase_000860	0.9999809
tpase_006609	1.0
tpase_003621	1.0
tpase_002596	1.0
tpase_001978	1.0
tpase_005598	1.0
tpase_005286	1.0
tpase_002123	0.9999982
tpase_001543	0.99999607
tpase_001431	0.99996245
tpase_006941	0.98560935
tpase_004938	1.0
tpase_006366	0.9999989
tpase_000642	1.0
tpase_000932	0.999964
tpase_000176	0.9999988
tpase_004689	0.99999285
tpase_000617	1.0
tpase_002585	1.0
tpase_005071	1.0
tpase_004431	0.9999993
tpase_004201	0.9999999
tpase_003444	0.9997558
tpase_000922	0.9999987
tpase_003571	0.99860364
tpase_006050	0.9999981
tpase_006523	0.9999999
tpase_002974	1.0
tpase_004150	1.0
tpase_003613	0.9999994
tpase_001624	1.0
tpase_003689	0.9999788
tpase_004952	1.0
tpase_003121	0.9999497
tpase_000943	0.99995613
tpase_004881	1.0
tpase_002966	1.0
tpase_003172	1.0
tpase_003698	0.9999864
tpase_006657	1.0
tpase_000810	1.0
tpase_001393	0.9999888
tpase_006323	0.99998903
tpase_004363	0.14939612
tpase_004490	1.0
tpase_001043	0.018248899
tpase_006182	0.99997413
tpase_003088	0.99843544
tpase_000076	1.0
tpase_003819	1.0
tpase_004301	0.9999999
tpase_002318	1.0
tpase_002260	1.0
tpase_007096	0.999998
tpase_003835	0.99999964
tpase_001384	1.0
tpase_006936	0.0008072247
tpase_000566	0.9999995
tpase_005624	0.99998856
tpase_002363	1.5158628e-8
tpase_002132	0.99999714
tpase_002320	1.0
tpase_001394	1.0
tpase_004203	0.999966
tpase_005450	1.0
tpase_004917	1.0
tpase_001725	0.9999988
tpase_000298	0.99999857
tpase_000421	1.0
tpase_003281	0.9999999
tpase_002967	1.0
tpase_002190	1.0
tpase_000816	0.9997254
tpase_006502	0.99999976
tpase_003560	1.0
tpase_003885	1.0
tpase_002940	1.0
tpase_003464	0.99999154
tpase_006546	1.0
tpase_006718	1.0
tpase_004372	1.0
tpase_000021	1.0
tpase_003212	0.9999999
tpase_001274	1.0
tpase_001936	1.0
tpase_004935	0.24820253
tpase_005454	1.0
tpase_005393	1.0
tpase_003619	1.0
tpase_006535	1.0
tpase_003276	1.0
tpase_003615	0.99999976
tpase_004122	0.99970007
tpase_005487	1.0
tpase_004449	0.9999995
tpase_004516	1.0
tpase_001258	1.0
tpase_004026	0.9999999
tpase_002796	0.99999976
tpase_005023	1.0
tpase_006160	0.9999994
tpase_005609	1.0
tpase_000909	1.0
tpase_006913	0.99993455
tpase_005599	0.99999845
tpase_001931	1.0
tpase_004578	1.0
tpase_000091	1.0
tpase_006493	0.9999999
tpase_006352	1.0
tpase_005282	1.0
tpase_001422	1.0
tpase_003497	1.0
tpase_001886	1.0
tpase_004309	1.0
tpase_002754	0.9999999
tpase_001481	1.0
tpase_002824	0.9999968
tpase_005645	0.9999982
tpase_005743	0.99999225
tpase_006965	1.0
tpase_004068	1.0
tpase_003076	0.9999999
tpase_001164	0.9999021
tpase_000821	1.0
tpase_005705	1.0
tpase_003187	0.9999999
tpase_005623	0.99981123
tpase_000424	1.0
tpase_005461	1.0
tpase_003312	0.5968004
tpase_003483	1.0
tpase_003352	1.0
tpase_003122	0.9998647
tpase_000413	1.0
tpase_005614	0.9999999
tpase_005175	0.99999917
tpase_000651	0.99999976
tpase_006774	1.0
tpase_002590	1.0
tpase_004298	0.99999964
tpase_003620	1.0
tpase_006322	0.9999708
tpase_006435	0.9999727
tpase_005372	0.50978166
tpase_006388	0.9999999
tpase_002141	0.99999475
tpase_005751	1.0
tpase_004453	1.0
tpase_002020	1.0
tpase_002151	0.9999969
tpase_002192	1.0
tpase_004998	0.999997
tpase_005283	0.9999727
tpase_000941	0.99995613
tpase_003090	0.9984054
tpase_001127	0.99999976
tpase_000538	0.9999958
tpase_005519	1.0
tpase_004764	1.0
tpase_004202	0.99977535
tpase_005606	0.9999927
tpase_001598	1.0
tpase_001716	0.9999999
tpase_004997	1.0
tpase_004032	1.0
tpase_007000	0.99991345
tpase_005255	1.0
tpase_005468	1.0
tpase_003338	1.0
tpase_002398	1.0
tpase_003061	1.0
tpase_005412	0.9999994
tpase_006329	0.9999999
tpase_004016	1.0
tpase_003868	1.0
tpase_005272	0.999972
tpase_007084	0.9999981
tpase_003863	1.0
tpase_001159	0.9964688
tpase_006289	0.058785975
tpase_000415	1.0
tpase_003849	1.0
tpase_004929	1.0
tpase_004153	0.9999993
tpase_006339	0.9999794
tpase_006404	0.99988186
tpase_003209	1.0
tpase_006401	0.9999651
tpase_003185	0.9999958
tpase_005685	1.0
tpase_001461	1.0
tpase_001420	0.9999999
tpase_002005	1.0
tpase_000430	1.0
tpase_006531	1.0
tpase_002401	1.0
tpase_003186	0.999995
tpase_004462	0.99999964
tpase_000657	1.0
tpase_001699	1.0
tpase_003869	0.9999999
tpase_002194	0.9999995
tpase_004779	0.9999918
tpase_001060	0.9999989
tpase_004015	1.0
tpase_004447	1.0
tpase_006877	0.8908696
tpase_004580	0.999793
tpase_005967	1.0
tpase_002411	1.0
tpase_001599	1.0
tpase_004217	0.99925095
tpase_003214	1.0
tpase_007069	1.0
tpase_006224	0.99987984
tpase_005026	0.99999976
tpase_005224	1.0
tpase_001404	0.99989367
tpase_006091	0.8762592
tpase_002222	1.0
tpase_004877	0.010754266
tpase_004377	1.0
tpase_003356	0.99999976
tpase_005633	1.0
tpase_004218	0.9997614
tpase_004943	0.99987805
tpase_000871	0.0065454477
tpase_002290	0.9999893
tpase_004206	0.99999774
tpase_006193	0.99999964
tpase_006102	1.0
tpase_003800	1.0
tpase_002899	0.9999987
tpase_000936	0.9999969
tpase_005534	1.0
tpase_004042	0.9999181
tpase_002362	0.99999726
tpase_005300	0.99998975
tpase_004385	0.9999999
tpase_006786	0.9999826
tpase_006656	1.0
tpase_002103	0.99999833
tpase_000659	0.9999926
tpase_001245	1.0
tpase_004124	1.0
tpase_000129	0.9999999
tpase_001165	1.0
tpase_006431	0.99999964
tpase_005143	1.0
tpase_002762	1.0
tpase_000525	1.0
tpase_002191	0.9999982
tpase_001726	0.99999976
tpase_004365	1.0
tpase_005334	1.0
tpase_006605	0.9999995
tpase_003188	0.9999969
tpase_005151	0.9999981
tpase_002689	0.9999999
tpase_000286	1.0
tpase_002025	1.0
tpase_006299	0.99999976
tpase_000084	1.0
tpase_003337	1.0
tpase_000078	0.9999999
tpase_006948	0.9999982
tpase_003227	0.13483268
tpase_005180	0.9999889
tpase_006775	1.0
tpase_006943	0.9991671
tpase_000200	1.0
tpase_001126	0.9999999
tpase_005966	1.0
tpase_004029	0.99999964
tpase_001983	1.0
tpase_005474	1.0
tpase_006667	0.9996935
tpase_005448	1.0
tpase_001696	1.0
tpase_006334	0.99998045
tpase_001314	0.9999269
tpase_005174	0.9999989
tpase_006316	0.99999917
tpase_003616	0.9999827
tpase_004300	0.99999535
tpase_004857	1.0
tpase_004469	0.9999938
tpase_007102	1.0
tpase_001752	0.9999962
tpase_006830	0.9999789
tpase_003051	0.99998546
tpase_000861	0.9999144
tpase_006784	0.9999908
tpase_005745	0.999997
tpase_003213	1.0
tpase_002511	0.9999976
tpase_004672	0.9999993
tpase_002759	1.0
tpase_000417	1.0
tpase_005545	1.0
tpase_001343	0.9999579
tpase_001919	1.0
tpase_001680	1.0
tpase_006117	0.99998987
tpase_004360	1.0
tpase_001678	1.0
tpase_004014	0.9999974
tpase_005957	1.0
tpase_004051	0.99846065
tpase_002619	1.0
tpase_006604	0.9999919
tpase_002006	1.0
tpase_006390	0.9999881
tpase_004419	1.0
tpase_001299	1.0
tpase_001510	0.99999905
tpase_005049	1.0
tpase_005070	1.0
tpase_006832	0.99999976
tpase_004858	1.0
tpase_002975	1.0
tpase_004050	0.99786925
tpase_003900	1.0
tpase_000862	0.99998486
tpase_003881	1.0
tpase_006360	0.9996879
tpase_005265	1.0
tpase_004236	1.0
tpase_003872	0.9999999
tpase_004378	1.0
tpase_004930	1.0
tpase_002599	1.0
tpase_000539	1.0
tpase_003120	0.99987376
tpase_002687	1.0
tpase_006844	0.7938572
tpase_004159	0.9999995
tpase_005281	0.9999993
tpase_001546	0.9999999
tpase_000942	0.9999857
tpase_005801	1.0
tpase_000335	1.0
tpase_004018	1.0
tpase_003638	0.99999964
tpase_006356	0.99999
tpase_002314	1.0
tpase_001488	0.99999976
tpase_005083	1.0
tpase_005020	0.99999905
tpase_005889	1.0
tpase_004774	0.99997234
tpase_006446	0.99998856
tpase_006114	0.99999464
tpase_000289	1.0
tpase_006500	0.99999976
tpase_006689	0.99982965
tpase_005965	1.0
tpase_002573	1.0
tpase_000901	0.9998771
tpase_002201	0.9999902
tpase_003562	0.99990654
tpase_001086	0.99999917
tpase_003062	1.0
tpase_002414	1.0
tpase_005287	4.8058197e-8
tpase_002135	0.9999989
tpase_000583	1.0
tpase_003633	1.0
tpase_005664	1.0
tpase_000225	1.0
tpase_001563	0.9999913
tpase_003411	0.99999595
tpase_005022	1.0
tpase_005460	1.0
tpase_006152	7.46353e-8
tpase_006690	0.99999607
tpase_005228	1.0
neg_006255	1.0933812e-12
neg_014684	0.0000011998793
neg_004353	1.6627965e-8
neg_005017	1.0742886e-12
neg_005845	2.2373982e-14
neg_020334	2.6950992e-17
neg_015098	4.9111754e-10
neg_011094	0.0000011844875
neg_019728	1.7304803e-11
neg_014675	0.0000029325438
neg_006831	1.5924748e-9
neg_004073	0.00032354041
neg_018582	6.534506e-10
neg_004344	1.2337708e-8
neg_013632	2.006121e-8
neg_004854	2.0763993e-10
neg_002176	2.0544478e-11
neg_009865	5.0989113e-10
neg_002787	9.946885e-9
neg_008536	0.00024055295
neg_011619	1.6455766e-11
neg_015543	9.739943e-8
neg_000511	4.760658e-9
neg_007029	5.672755e-13
neg_017280	7.1697247e-16
neg_016291	3.2020228e-10
neg_015983	0.004789327
neg_000567	0.000001156129
neg_015799	7.810643e-10
neg_011110	2.6796774e-12
neg_012700	2.4181364e-12
neg_016945	4.662965e-12
neg_018695	3.0513552e-14
neg_006140	1.9565233e-8
neg_001212	5.279009e-11
neg_002826	8.8801416e-10
neg_009330	1.994314e-11
neg_003963	1.7373131e-7
neg_002766	1.0509201e-10
neg_016143	1.4951485e-15
neg_002599	0.000010232464
neg_007965	6.746092e-9
neg_007816	2.232777e-14
neg_009763	9.772858e-9
neg_007495	5.023452e-7
neg_016521	2.8116073e-15
neg_010974	0.0000052042988
neg_011349	1.2094943e-12
neg_008009	7.9755445e-11
neg_004160	8.7610474e-10
neg_006815	0.0000048690636
neg_007551	4.921709e-9
neg_005719	5.1641673e-9
neg_010111	3.3634524e-13
neg_018167	1.3156506e-9
neg_015121	0.00045683622
neg_015183	7.5430115e-9
neg_011271	8.667602e-14
neg_020508	3.4002e-9
neg_006840	6.9949476e-12
neg_015800	3.8806103e-13
neg_012021	5.327416e-16
neg_005801	4.2723118e-17
neg_019201	0.001684054
neg_010207	2.424291e-13
neg_018509	1.3270597e-13
neg_012726	1.6675183e-9
neg_018016	2.2684857e-8
neg_020828	0.000018092045
neg_011726	0.00007014856
neg_012655	1.8911375e-7
neg_003507	1.9424826e-8
neg_005308	0.000004226899
neg_011665	0.000003647648
neg_013241	2.6496685e-10
neg_013804	3.2144098e-9
neg_016890	2.7351598e-14
neg_016154	0.000006662772
neg_005252	1.3313545e-13
neg_003216	1.8068642e-11
neg_003459	9.125269e-9
neg_011317	1.9638057e-16
neg_000007	0.0009299239
neg_016516	1.402081e-11
neg_007993	0.00002041993
neg_004318	1.1100305e-11
neg_020025	0.00006449514
neg_008004	6.112223e-9
neg_003398	4.053979e-10
neg_005941	1.7943957e-7
neg_001650	5.6718036e-13
neg_019743	6.339328e-12
neg_004667	1.6872936e-9
neg_017916	2.5389511e-8
neg_019887	0.0000032875855
neg_020216	7.365241e-17
neg_001633	1.3891957e-7
neg_009124	0.000024457799
neg_013599	2.435602e-15
neg_016064	1.9518926e-13
neg_020951	4.054239e-7
neg_010772	0.0000034422264
neg_003361	1.3299218e-11
neg_004380	1.0378062e-8
neg_006540	4.3520604e-12
neg_010367	1.6976308e-8
neg_000164	9.791563e-7
neg_006113	1.2865593e-9
neg_004743	7.348957e-11
neg_020518	1.6487149e-15
neg_020095	1.0844903e-11
neg_013107	1.6124562e-11
neg_005698	3.0670533e-9
neg_014411	6.1716543e-12
neg_021041	0.000019018053
neg_017809	0.004148956
neg_007323	1.039153e-12
neg_003683	1.2889516e-9
neg_010798	9.240181e-9
neg_015639	0.0000033152132
neg_020376	1.2108205e-10
neg_012696	6.1420346e-13
neg_014066	1.41486245e-8
neg_013078	0.000002696297
neg_020643	2.0956673e-15
neg_005127	1.6325816e-10
neg_012384	1.5720117e-8
neg_017424	4.415602e-14
neg_018134	6.4448286e-10
neg_013396	2.6464285e-8
neg_001016	8.339771e-9
neg_002744	8.415417e-7
neg_018425	0.000023841882
neg_007171	2.5387096e-15
neg_012479	3.7308556e-10
neg_003972	1.7284204e-7
neg_019607	7.29495e-8
neg_017562	6.784649e-9
neg_012916	1.285627e-13
neg_016160	6.4802106e-7
neg_007995	0.0000026854832
neg_006187	8.114557e-9
neg_012545	3.2385792e-11
neg_017961	2.868016e-9
neg_000054	6.7988886e-8
neg_014031	1.3248404e-15
neg_015397	5.6983527e-15
neg_020449	0.0000022553997
neg_018231	1.14565765e-7
neg_017221	1.1104534e-12
neg_006386	9.83952e-16
neg_017405	1.3366812e-7
neg_004197	2.0823904e-8
neg_013453	1.9955946e-9
neg_008581	0.0017010163
neg_016270	3.9468404e-11
neg_011525	1.8815681e-10
neg_002188	5.5334908e-12
neg_010069	0.0005779177
neg_006797	6.263262e-8
neg_004836	6.5003896e-8
neg_000475	0.0007081395
neg_005886	5.799707e-10
neg_016216	2.715451e-16
neg_019050	2.9273911e-8
neg_014583	0.000045892262
neg_014356	0.0026555741
neg_001357	1.8878076e-11
neg_002255	0.000007646669
neg_013240	3.0210643e-9
neg_013355	8.007435e-10
neg_013797	1.0058076e-7
neg_018413	5.2338186e-20
neg_007517	1.3478531e-12
neg_000868	9.2119673e-10
neg_012936	1.5811996e-14
neg_020408	1.8148237e-13
neg_014957	1.0692757e-9
neg_019339	7.1671247e-9
neg_000209	0.0002879751
neg_018847	0.0000382476
neg_003922	3.5105095e-13
neg_008473	0.0000029773757
neg_000575	9.414203e-12
neg_012039	4.0024872e-7
neg_010171	1.7257777e-10
neg_016417	1.6646184e-11
neg_011264	1.0960368e-9
neg_020419	0.00017479865
neg_020939	4.2139678e-10
neg_003766	0.000002961037
neg_016583	1.20828165e-8
neg_010093	0.00003335713
neg_018223	0.0000050470962
neg_012866	5.999266e-8
neg_001141	6.0935656e-7
neg_007207	1.0723792e-11
neg_011305	2.7987418e-17
neg_005912	3.617301e-8
neg_016217	6.16332e-7
neg_015765	0.000004229439
neg_019890	7.920409e-15
neg_004394	1.3477838e-8
neg_010383	3.9281687e-8
neg_000172	0.0000054332027
neg_020535	2.3904032e-11
neg_013304	7.075846e-13
neg_004804	5.3365905e-8
neg_017650	1.4808303e-7
neg_007205	9.947284e-9
neg_008551	0.0037564184
neg_020565	7.483986e-12
neg_012678	2.1406276e-11
neg_000114	0.0000019680733
neg_004823	1.4796857e-9
neg_007448	1.7959116e-10
neg_018375	1.4550747e-15
neg_009411	0.0000050767317
neg_008817	0.000039269493
neg_010416	2.3889671e-11
neg_000570	2.1112735e-8
neg_003787	0.0001429752
neg_000662	1.04132816e-7
neg_002226	5.093568e-9
neg_013515	6.574034e-14
neg_012797	6.1279554e-10
neg_006367	3.3973683e-12
neg_004057	2.796661e-7
neg_009853	6.322764e-11
neg_019561	0.00031162403
neg_003529	2.803731e-14
neg_010709	1.6915559e-10
neg_016936	0.03951876
neg_016925	1.413521e-13
neg_016033	1.1780177e-16
neg_014006	6.1000026e-7
neg_018371	3.8577834e-17
neg_003214	0.000010776691
neg_020525	2.0215221e-7
neg_001116	8.38018e-8
neg_005974	2.190126e-10
neg_008458	9.0002985e-8
neg_002078	2.318577e-8
neg_010968	9.508095e-8
neg_012711	1.1159132e-14
neg_015837	3.424292e-10
neg_017364	0.0000126649575
neg_001017	1.2354714e-7
neg_000387	5.9888794e-10
neg_013269	0.000005439938
neg_020663	9.19429e-14
neg_014632	3.8186898e-10
neg_005465	2.2005639e-11
neg_011589	0.000020743526
neg_003456	1.396136e-10
neg_018806	2.9833684e-9
neg_013868	3.9267042e-10
neg_007490	4.402771e-13
neg_019701	6.2678024e-16
neg_012981	7.6637934e-7
neg_001031	0.00048371346
neg_001163	4.4134807e-10
neg_004001	1.17399175e-8
neg_018944	9.984721e-11
neg_004783	2.4297394e-13
neg_009493	0.00003349203
neg_018352	3.7576386e-9
neg_007869	1.6885464e-16
neg_020443	2.418283e-9
neg_016121	6.7011196e-16
neg_014919	1.5079549e-9
neg_000913	2.1689177e-9
neg_013506	7.3892894e-13
neg_005043	1.9816976e-12
neg_010854	2.1958343e-11
neg_003287	4.126276e-8
neg_017027	0.008541879
neg_016893	0.0000805186
neg_017480	0.0000076378865
neg_010197	5.920865e-11
neg_002362	1.5994334e-7
neg_012191	7.3478786e-11
neg_004003	0.0000059602357
neg_008793	2.7379429e-7
neg_006635	2.2444433e-9
neg_006807	1.0662319e-11
neg_010742	0.00000585349
neg_020255	1.1369414e-15
neg_016184	4.2619113e-9
neg_006687	3.562675e-11
neg_005451	7.439056e-8
neg_000040	6.6019375e-8
neg_020606	8.0602885e-13
neg_007699	3.8955904e-13
neg_013642	1.0934715e-7
neg_006284	0.0034501003
neg_012072	0.00020299664
neg_011759	8.704822e-12
neg_016434	5.614584e-17
neg_014908	3.6632874e-11
neg_005123	3.3909608e-11
neg_021118	6.956669e-8
neg_006642	8.0250175e-7
neg_000263	3.6834148e-8
neg_015630	6.286373e-12
neg_012128	0.0016233218
neg_019863	2.1838233e-10
neg_017626	1.07834214e-10
neg_008023	1.3112838e-13
neg_018084	4.0008783e-9
neg_007190	4.9088484e-8
neg_003017	1.1961532e-9
neg_010017	2.5681638e-12
neg_005510	2.911558e-7
neg_018082	1.5598217e-13
neg_011537	1.1741881e-13
neg_010597	0.00005061526
neg_009939	0.0015062232
neg_016852	0.00047117483
neg_003717	4.625557e-12
neg_015651	7.366749e-12
neg_010311	1.0623379e-12
neg_014135	0.000002036419
neg_011075	1.1920717e-9
neg_000309	1.6704405e-7
neg_009442	3.6885485e-15
neg_008869	2.9332017e-7
neg_001069	3.6872374e-9
neg_009119	0.06314929
neg_018609	0.00052686536
neg_020653	1.0933584e-12
neg_017878	2.3109871e-12
neg_009121	7.090468e-8
neg_002071	2.826509e-17
neg_014272	0.0017847184
neg_020109	8.920673e-8
neg_010466	3.2610928e-11
neg_020007	2.0200228e-7
neg_010520	1.0539744e-8
neg_018182	5.4527617e-13
neg_002197	6.609755e-10
neg_000978	8.957313e-8
neg_016279	7.7733085e-7
neg_012984	6.6580515e-7
neg_001354	1.03002655e-8
neg_001245	2.927878e-11
neg_008565	0.0018980561
neg_020306	9.746184e-20
neg_003597	9.2781595e-11
neg_015968	0.000052206597
neg_017078	8.487153e-15
neg_012760	0.000099188765
neg_000543	0.0000012872113
neg_008230	5.023452e-7
neg_018821	7.012413e-14
neg_011102	6.4749167e-10
neg_003833	2.3866648e-13
neg_009564	0.00033531146
neg_001864	6.5373734e-10
neg_004898	2.4839267e-13
neg_008517	2.6283629e-9
neg_009240	5.619821e-14
neg_020858	5.0295154e-12
neg_018156	2.4365104e-7
neg_012599	2.6016066e-11
neg_013553	6.7856056e-13
neg_019822	0.002923533
neg_006403	0.0028121916
neg_017259	4.2904853e-19
neg_012849	1.7750244e-8
neg_008756	9.832004e-11
neg_002485	1.4228857e-7
neg_004352	3.7981079e-7
neg_004985	6.0901032e-12
neg_003645	0.0006259427
neg_018583	1.8035157e-13
neg_001029	1.0981638e-11
neg_006443	1.8908878e-12
neg_001788	6.284263e-12
neg_018173	0.85580176
neg_018987	8.936751e-19
neg_003011	7.411666e-8
neg_017921	8.10809e-9
neg_017966	1.2430992e-11
neg_012446	1.718635e-8
neg_007103	2.7902033e-7
neg_009126	3.5113825e-8
neg_018974	2.8650336e-11
neg_014213	1.6885653e-9
neg_016802	1.2068472e-7
neg_018085	1.5167814e-17
neg_015908	1.0713028e-9
neg_010087	1.1575142e-7
neg_007853	1.6458349e-10
neg_017604	0.00032414988
neg_004740	1.5509997e-8
neg_000634	1.94878e-12
neg_002267	0.00070656714
neg_004564	2.291189e-8
neg_001263	0.00009384643
neg_020032	2.201611e-7
neg_013430	1.1198434e-13
neg_019379	4.2011843e-7
neg_001144	0.0000033957701
neg_011172	0.0000032456978
neg_012998	8.188174e-9
neg_015221	1.149088e-9
neg_017618	5.931598e-9
neg_007299	1.0851287e-9
neg_004890	2.0962723e-10
neg_006331	0.008986027
neg_001767	3.939949e-12
neg_013870	0.00989165
neg_011681	3.2171282e-12
neg_004684	7.857049e-11
neg_008357	1.00601065e-8
neg_020664	0.007946759
neg_000159	5.7507606e-8
neg_005716	2.1111876e-13
neg_013897	1.5736045e-8
neg_000917	1.0218383e-10
neg_003817	1.8692345e-10
neg_020187	4.0011177e-15
neg_020642	1.9491044e-11
neg_005462	4.4322376e-12
neg_015331	6.96306e-14
neg_002269	3.119856e-7
neg_014693	2.2399079e-11
neg_011627	0.0000014283895
neg_021143	2.5922944e-11
neg_020652	4.249311e-14
neg_016342	0.00000574167
neg_020867	2.4629088e-10
neg_001231	1.7563735e-8
neg_013232	1.3350373e-8
neg_002436	0.0000071550853
neg_018699	2.531273e-7
neg_003806	0.00078369305
neg_004395	7.3892894e-13
neg_015641	2.2008557e-9
neg_002818	0.0006010159
neg_016572	7.057363e-14
neg_015466	3.809658e-8
neg_019412	2.3618096e-8
neg_010385	0.00010753756
neg_018246	7.9960837e-13
neg_003070	0.0000028991474
neg_004920	1.6991282e-11
neg_000279	0.000027599865
neg_009333	4.567845e-14
neg_006208	2.8806074e-10
neg_011949	9.983326e-12
neg_015343	0.00003588275
neg_001723	0.000036555568
neg_000834	0.00097231515
neg_008718	9.433328e-12
neg_016402	0.0010058365
neg_015353	1.24420465e-11
neg_010112	1.8228447e-9
neg_009403	0.00006989076
neg_002911	0.000014914154
neg_009244	1.2105769e-8
neg_005353	2.2711384e-9
neg_009414	5.6060912e-8
neg_012463	3.7308556e-10
neg_011710	0.0011351868
neg_005005	1.319405e-7
neg_006371	4.690915e-11
neg_005808	3.551997e-14
neg_005464	5.705412e-11
neg_010623	7.938736e-8
neg_000745	5.1397747e-10
neg_006961	4.7157442e-8
neg_008083	1.16284924e-11
neg_008070	5.002498e-12
neg_004303	3.857008e-11
neg_002720	2.4024462e-8
neg_000474	4.103942e-10
neg_009228	0.00003942886
neg_015464	1.1137714e-7
neg_013420	1.357759e-8
neg_011620	7.293044e-12
neg_000969	0.0000011971475
neg_013851	1.7131994e-7
neg_002021	0.0032622665
neg_015899	2.0529992e-14
neg_006045	9.898062e-8
neg_000912	1.8921417e-10
neg_014214	2.4958516e-7
neg_018933	0.0001054727
neg_017071	4.506703e-11
neg_001939	1.554966e-8
neg_011026	4.1813305e-8
neg_002520	7.8808245e-7
neg_000205	1.905283e-11
neg_003898	7.370632e-11
neg_003764	1.0809321e-11
neg_020125	1.1029688e-11
neg_011719	3.4451283e-8
neg_016453	2.3825396e-7
neg_015033	5.280354e-9
neg_016873	0.000005969309
neg_001353	2.2729152e-9
neg_007099	1.645852e-12
neg_020037	9.553559e-12
neg_021086	2.3984545e-15
neg_010878	3.1884762e-13
neg_017678	6.6451685e-7
neg_019615	4.3524655e-9
neg_017741	1.81051e-8
neg_011098	7.5867194e-12
neg_019343	3.0431917e-16
neg_006001	1.3342544e-10
neg_007230	7.904684e-11
neg_020447	0.0000383098
neg_012772	0.00026794916
neg_018728	3.112697e-13
neg_000899	0.0000022712948
neg_002537	5.164777e-13
neg_004280	3.206631e-10
neg_014250	1.8511765e-12
neg_008891	0.0015105021
neg_009918	0.000008161644
neg_004076	7.2751805e-11
neg_014737	1.868911e-9
neg_006134	3.165044e-10
neg_003064	0.0000010499314
neg_002167	2.4077636e-7
neg_016462	0.000018439023
neg_007322	1.581309e-13
neg_010154	7.2239936e-7
neg_008358	1.16209e-9
neg_008650	4.565777e-8
neg_010686	2.8345713e-12
neg_019628	0.0000049360096
neg_005935	5.1512533e-8
neg_006498	0.0000060987677
neg_020199	3.9090825e-14
neg_001816	0.0013058622
neg_010231	4.0890295e-12
neg_006692	1.1785664e-8
neg_020352	2.5267077e-13
neg_007887	1.1053418e-8
neg_010361	0.000013688847
neg_006458	1.6493117e-16
neg_009778	1.525928e-7
neg_004373	1.82108e-12
neg_016672	4.1807064e-9
neg_017008	6.366409e-16
neg_013191	1.0451456e-9
neg_010221	1.1735892e-11
neg_010666	1.9402136e-11
neg_018796	1.07184796e-10
neg_010715	0.0000058041837
neg_009858	2.303975e-9
neg_007602	5.611627e-10
neg_013608	2.9881717e-15
neg_007406	6.410452e-14
neg_007145	4.9088484e-8
neg_019939	0.0003946236
neg_014383	0.00017893461
neg_002260	0.000002527354
neg_007347	2.7799848e-8
neg_007358	8.1263465e-8
neg_000027	7.7505516e-11
neg_003879	4.32901e-9
neg_004901	0.0000054398133
neg_007701	2.0970027e-7
neg_007970	0.000008473703
neg_005177	4.5268862e-8
neg_009288	0.00020042487
neg_010746	3.2125747e-14
neg_000863	0.0000013158755
neg_007721	1.1034373e-16
neg_002307	8.391441e-8
neg_000102	6.6234886e-13
neg_006771	0.00023828032
neg_013657	1.1062465e-12
neg_013812	5.0209563e-12
neg_011052	2.4570088e-8
neg_005060	5.2131997e-11
neg_002272	2.519189e-11
neg_007082	2.9698983e-15
neg_012111	1.1579597e-8
neg_009900	2.8724575e-8
neg_005585	0.000090348854
neg_011963	9.079788e-15
neg_006439	1.9825747e-12
neg_016368	0.000015028459
neg_021063	4.4766483e-15
neg_020760	2.5064282e-9
neg_013364	3.8331844e-9
neg_003703	0.00049331173
neg_001780	3.501305e-11
neg_003037	3.9858786e-10
neg_011018	3.3892356e-14
neg_001155	3.2985124e-8
neg_003697	2.8058967e-11
neg_020969	0.00016373864
neg_006486	3.474695e-14
neg_020648	0.0000070987544
neg_001286	1.48782e-8
neg_016520	1.4152404e-8
neg_006337	0.00004931281
neg_009370	2.8329447e-8
neg_000943	2.9339478e-12
neg_004710	3.5882322e-9
neg_012148	7.027786e-10
neg_005527	1.11540055e-10
neg_003835	2.2210371e-10
neg_020730	9.122452e-16
neg_007265	3.8568305e-7
neg_005796	8.1816e-13
neg_018716	0.0000011363675
neg_012099	6.644937e-9
neg_005443	3.854263e-8
neg_005026	1.1552027e-11
neg_009053	2.4085118e-8
neg_019991	0.00053412875
neg_019406	1.0237828e-7
neg_004560	7.539703e-9
neg_020193	0.0034253886
neg_019114	7.413312e-14
neg_010056	4.718029e-16
neg_020034	9.111633e-9
neg_014742	3.6346048e-8
neg_002873	0.0000015612402
neg_017330	2.6792975e-7
neg_001972	1.4488975e-7
neg_019501	7.120192e-11
neg_014220	1.709144e-13
neg_012279	4.5183482e-11
neg_007115	3.859431e-10
neg_016857	7.6482706e-7
neg_002974	1.3190437e-7
neg_016086	0.00087309186
neg_017247	8.0169485e-8
neg_006863	3.7650856e-9
neg_018686	1.1688059e-8
neg_013594	0.0000016857316
neg_006470	2.440805e-12
neg_009509	3.3645065e-8
neg_014085	0.000001924299
neg_014731	3.2944694e-8
neg_001729	3.4285046e-7
neg_009108	4.6970635e-12
neg_018629	0.000035100325
neg_016915	0.000001385465
neg_012519	3.901904e-9
neg_008343	1.1353765e-8
neg_017100	1.1828107e-7
neg_016439	1.7344638e-13
neg_000696	0.0005438552
neg_006752	1.2337708e-8
neg_003530	5.807918e-11
neg_020398	2.930283e-13
neg_017968	8.7347314e-7
neg_006664	5.023452e-7
neg_013140	0.0034664301
neg_020171	2.150736e-11
neg_020214	4.4845814e-14
neg_005699	6.1420346e-13
neg_011729	4.533736e-9
neg_017317	3.3045456e-8
neg_004549	3.529694e-8
neg_014068	1.5483632e-8
neg_000653	8.906672e-10
neg_019797	2.3011566e-8
neg_005339	2.8050595e-9
neg_020995	1.6973952e-11
neg_010452	4.331128e-11
neg_002215	0.000016298973
neg_008127	2.2937964e-14
neg_015731	0.008259215
neg_013211	0.0007370892
neg_019732	0.0014888104
neg_006307	2.149442e-13
neg_016608	1.1051751e-12
neg_016205	3.9862037e-11
neg_014723	9.562529e-8
neg_001088	6.8277095e-9
neg_004159	3.0175684e-9
neg_020132	2.2308516e-15
neg_002856	2.2729878e-10
neg_018925	4.5292275e-15
neg_009086	5.3066277e-8
neg_007308	6.036466e-12
neg_002985	5.0413774e-8
neg_013501	1.337111e-7
neg_000752	0.0000041222866
neg_002647	0.0000067676497
neg_019842	0.000026519056
neg_001287	1.9738127e-7
neg_018273	0.000004898742
neg_008761	1.436937e-9
neg_005163	0.0000032009839
neg_003991	0.0000012076927
neg_007498	2.406299e-15
neg_016286	3.2308039e-12
neg_017823	3.5587086e-15
neg_013603	8.5538363e-7
neg_012619	1.1380074e-10
neg_013822	5.9488308e-9
neg_013182	1.8901558e-12
neg_009494	8.2627096e-13
neg_019278	2.3543311e-11
neg_001812	9.272503e-10
neg_007558	6.0256437e-15
neg_013585	0.000005908819
neg_006180	1.137665e-13
neg_020786	0.000012756682
neg_005653	0.0000049094474
neg_013300	2.9362e-11
neg_010160	6.805051e-12
neg_008045	7.494185e-12
neg_001687	1.7332056e-11
neg_001001	0.00002109093
neg_003894	1.9805121e-11
neg_020536	0.0000014758693
neg_005836	3.0940182e-8
neg_010692	4.6970635e-12
neg_016341	0.00011269406
neg_010137	2.810996e-15
neg_016256	0.0012245132
neg_018111	7.680314e-18
neg_017304	2.0469926e-11
neg_019623	1.5177974e-13
neg_017875	0.00003286854
neg_017848	0.0017042924
neg_010440	5.114208e-12
neg_000448	0.0000027269098
neg_011593	0.000094461626
neg_017557	4.385072e-16
neg_001385	1.28385365e-8
neg_019573	3.1869732e-10
neg_005689	9.136013e-13
neg_009868	2.1839167e-12
neg_018417	1.1410723e-17
neg_013371	6.028843e-7
neg_018083	1.1669102e-12
neg_012015	5.387712e-10
neg_012976	5.4485544e-12
neg_013133	6.574034e-14
neg_018463	3.493339e-8
neg_002245	4.8403703e-9
neg_005917	6.794166e-13
neg_019598	3.5206116e-11
neg_017854	1.5023129e-14
neg_013706	9.6395325e-8
neg_001953	1.11124855e-7
neg_015785	5.477603e-9
neg_005977	8.110865e-15
neg_001878	9.7630625e-8
neg_001084	3.5270925e-10
neg_008920	3.1946333e-15
neg_010802	5.2233686e-12
neg_017428	7.677837e-11
neg_019899	3.4077928e-11
neg_000160	8.6675175e-7
neg_001792	0.0000030477781
neg_019793	1.6437313e-12
neg_013087	0.00003026195
neg_007332	2.7125528e-8
neg_006569	5.4115614e-15
neg_007426	4.1750763e-11
neg_019484	0.0003747472
neg_007083	1.6179722e-7
neg_009929	1.2742677e-7
neg_003416	1.5866612e-11
neg_020296	2.721252e-13
neg_007877	3.3322652e-7
neg_017977	1.4805314e-18
neg_016826	2.2374251e-9
neg_013619	6.222225e-10
neg_018916	4.3821317e-15
neg_017010	6.326537e-8
neg_009489	0.000011315616
neg_000348	4.8358324e-8
neg_018237	1.8118408e-7
neg_004708	1.8211487e-9
neg_009664	2.3834392e-17
neg_019774	0.00031253745
neg_003286	1.0345848e-8
neg_003019	5.5386207e-9
neg_000445	0.0000059054782
neg_014885	0.0050424277
neg_003209	3.8413102e-8
neg_004650	4.673879e-13
neg_013434	5.409149e-14
neg_007248	7.475184e-8
neg_013049	9.852246e-10
neg_005265	8.7307455e-8
neg_000404	0.0000023158202
neg_007911	4.6712313e-7
neg_014439	1.458469e-9
neg_017466	0.000053532967
neg_015134	1.0439251e-15
neg_017842	0.00016735152
neg_017076	0.0000033799645
neg_002402	6.6083596e-9
neg_017701	0.00022192659
neg_001439	3.7348818e-12
neg_020464	1.0516074e-11
neg_010150	1.9966964e-7
neg_004139	8.9809616e-14
neg_009562	0.00046719974
neg_004614	1.7960186e-7
neg_017796	5.4287015e-15
neg_007830	4.967856e-13
neg_019104	1.1934872e-16
neg_002943	5.051751e-9
neg_019711	1.9540728e-12
neg_007508	3.8874396e-7
neg_004996	2.271737e-12
neg_017582	1.7810521e-14
neg_013321	2.773428e-8
neg_003321	0.000014816281
neg_014665	5.781324e-8
neg_010907	1.479375e-13
neg_019300	6.970578e-11
neg_016348	1.8311886e-7
neg_017283	4.2047144e-16
neg_001576	0.0013289434
neg_016691	8.8298446e-10
neg_016097	1.034055e-10
neg_000872	0.0000026082967
neg_006574	2.8216737e-12
neg_000646	3.0773546e-9
neg_006651	0.00005428388
neg_009735	1.751505e-7
neg_006671	8.392173e-9
neg_013314	8.414591e-14
neg_002891	1.0296087e-7
neg_002598	1.5513955e-7
neg_007511	1.5343388e-17
neg_012844	5.442577e-7
neg_006981	1.0013491e-12
neg_015470	1.650655e-13
neg_015261	1.6316787e-10
neg_014001	5.949639e-12
neg_011756	0.00004902655
neg_017788	1.0045424e-7
neg_006886	6.081375e-8
neg_016208	2.0008635e-11
neg_004989	1.0190783e-14
neg_014403	9.02089e-15
neg_017055	8.450355e-8
neg_014635	2.7575403e-12
neg_007250	1.1437839e-8
neg_010740	5.1413156e-17
neg_003767	1.4460182e-9
neg_018145	0.009336376
neg_001877	6.437795e-8
neg_006592	1.3780859e-12
neg_001142	0.00040135477
neg_000861	0.000006963551
neg_007905	1.038529e-8
neg_010349	3.080249e-17
neg_014652	9.697229e-13
neg_007963	8.3418537e-13
neg_003832	0.0000026071875
neg_004856	1.7834838e-9
neg_006199	1.2867536e-12
neg_005342	3.8300624e-7
neg_003113	5.776259e-10
neg_010484	2.1491264e-13
neg_016164	8.1945714e-11
neg_000637	8.6120194e-10
neg_010838	1.2779901e-8
neg_009170	0.00011251464
neg_020327	0.002583182
neg_020043	6.164161e-8
neg_010335	4.908001e-10
neg_004928	3.5762943e-7
neg_015054	1.2961943e-10
neg_012157	7.04705e-13
neg_020262	5.577689e-7
neg_016958	1.7558517e-15
neg_016933	6.7396935e-11
neg_020880	6.3832925e-14
neg_009893	5.2364772e-8
neg_007393	4.2789876e-11
neg_004230	1.1105451e-11
neg_007604	8.57428e-12
neg_000291	8.7073247e-13
neg_010401	1.7601126e-12
neg_010314	0.02952949
neg_012740	7.4692086e-13
neg_019095	2.913107e-10
neg_002657	1.6394112e-7
neg_017989	0.0000011674512
neg_010404	3.4034814e-10
neg_001962	7.404822e-17
neg_019439	1.4953423e-15
neg_012291	0.000014145977
neg_007626	2.0171443e-8
neg_011415	2.7248096e-13
neg_003951	8.376052e-17
neg_019663	6.390245e-11
neg_012173	4.7738265e-8
neg_010551	1.2298288e-11
neg_017524	0.000052534862
neg_000522	2.942315e-8
neg_004889	1.3139538e-15
neg_017821	1.12259855e-8
neg_014289	2.4475766e-10
neg_014415	8.893402e-9
neg_013677	6.263978e-16
neg_001402	9.053595e-10
neg_013683	6.7247536e-9
neg_001093	2.8558556e-8
neg_015816	5.667786e-11
neg_021049	1.5280928e-12
neg_014186	2.4955757e-9
neg_012462	3.5491766e-8
neg_001752	4.560757e-11
neg_018560	1.1027935e-16
neg_007696	2.5975413e-18
neg_018714	5.884418e-16
neg_006905	5.578823e-17
neg_004144	6.284263e-12
neg_003494	2.9525002e-9
neg_019872	4.410456e-7
neg_003968	5.357288e-10
neg_003935	0.0000011572397
neg_005196	1.1653939e-11
neg_015736	6.319014e-11
neg_002784	2.9429101e-8
neg_008998	3.200043e-11
neg_011849	2.93633e-14
neg_018639	4.8356497e-15
neg_001665	7.193614e-12
neg_009806	1.9038698e-7
neg_018628	2.1825694e-14
neg_012208	3.6691437e-13
neg_005680	1.2312223e-12
neg_018548	3.2790198e-10
neg_005421	1.7306147e-16
neg_018215	0.00010884864
neg_016755	5.117337e-13
neg_016096	1.3262254e-8
neg_016386	2.6936758e-7
neg_014765	0.087678544
neg_013388	1.388311e-13
neg_001274	0.0000029009755
neg_001689	5.0274895e-9
neg_008747	0.000007585607
neg_003531	3.5360379e-10
neg_020179	4.9503505e-12
neg_009186	0.00015693896
neg_014999	0.000018658862
neg_012788	1.8865631e-10
neg_013891	1.352092e-7
neg_000779	4.9953235e-7
neg_004195	0.00015460672
neg_006814	2.2515715e-7
neg_006791	0.00049460324
neg_010966	5.0664833e-10
neg_002656	1.7570795e-7
neg_014974	0.00039662948
neg_005156	6.429159e-11
neg_004043	1.679826e-7
neg_006191	8.2472876e-11
neg_011642	3.8827967e-8
neg_016294	6.7535816e-10
neg_013383	1.4487478e-10
neg_002816	2.5103222e-7
neg_000760	4.615277e-10
neg_006658	9.475829e-9
neg_015351	5.6858733e-13
neg_019032	1.614697e-18
neg_007975	2.021022e-12
neg_003593	5.078977e-9
neg_015447	3.4887185e-7
neg_009978	0.0000041174226
neg_000892	0.0000019622637
neg_000009	9.0638236e-10
neg_005658	3.9045553e-16
neg_002775	4.3139366e-8
neg_009075	0.000017017948
neg_013206	0.00006221515
neg_012302	8.153593e-7
neg_019267	4.1009135e-10
neg_001390	2.5869515e-10
neg_004882	0.00004931281
neg_020479	3.131785e-8
neg_015979	4.2457002e-9
neg_019679	1.3456933e-15
neg_006376	3.7686366e-8
neg_010489	1.9326632e-12
neg_019463	8.3113655e-12
neg_002316	4.3486397e-9
neg_020045	2.9892938e-8
neg_013830	0.00009888938
neg_018510	5.0417585e-17
neg_020851	7.6320454e-8
neg_004381	5.277788e-12
neg_009857	2.303975e-9
neg_015907	1.8557408e-8
neg_003843	9.739762e-11
neg_013274	2.1120657e-13
neg_003425	1.6400548e-8
neg_018299	1.0282973e-8
neg_020204	1.0057576e-15
neg_021134	6.4097316e-10
neg_004507	1.0914348e-9
neg_001070	2.0685893e-9
neg_001530	7.963235e-14
neg_014750	4.586914e-7
neg_013351	9.3841356e-7
neg_009515	3.702447e-8
neg_009049	9.559701e-12
neg_017211	1.5978028e-12
neg_003419	0.0000034966333
neg_002206	0.000012258328
neg_007924	1.7122076e-17
neg_009367	4.944811e-8
neg_010780	1.516044e-13
neg_007540	4.119082e-15
neg_009071	6.913988e-10
neg_020162	0.00040616788
neg_014616	2.1988928e-12
neg_008441	0.19135132
neg_003582	3.1312183e-7
neg_010931	0.00035375985
neg_011147	6.818667e-12
neg_018424	0.0002708996
neg_002949	7.726367e-9
neg_001373	1.1953149e-7
neg_017804	0.000006378221
neg_012127	1.9206716e-9
neg_014143	0.000002337465
neg_001073	4.889604e-7
neg_017363	0.03319247
neg_005807	1.433422e-9
neg_020709	0.000029204868
neg_001430	7.863221e-12
neg_017496	0.00008723115
neg_013306	3.1131853e-12
neg_011553	5.799707e-10
neg_014735	3.3240383e-7
neg_007031	3.7755812e-11
neg_000033	1.5788672e-10
neg_010109	4.1160946e-9
neg_018402	0.0036641837
neg_014779	1.1158665e-10
neg_017155	5.5856855e-15
neg_014530	9.0249904e-14
neg_005758	1.04533e-11
neg_020350	5.0915436e-18
neg_006356	0.0000050440644
neg_017166	0.000005075197
neg_017605	5.183225e-8
neg_017949	7.945991e-7
neg_015085	3.5489675e-19
neg_020264	7.150483e-8
neg_001600	2.7477338e-7
neg_005105	7.915282e-13
neg_003196	0.0000016697587
neg_017655	2.2889664e-11
neg_012008	4.352324e-9
neg_019829	1.6281317e-10
neg_012257	1.8686233e-8
neg_015562	1.2511762e-9
neg_014760	0.000077989935
neg_014862	1.7827023e-12
neg_008199	2.206658e-7
neg_006006	1.8324962e-14
neg_017846	0.00003706672
neg_020000	1.3393303e-11
neg_003569	0.000072347415
neg_002788	9.368017e-14
neg_004332	4.4241564e-15
neg_009820	1.9278265e-11
neg_006260	2.414035e-12
neg_011241	2.2690424e-13
neg_012159	7.739649e-11
neg_014692	0.0000013144733
neg_016486	1.3149406e-9
neg_004736	1.9523275e-10
neg_011715	4.931625e-8
neg_006877	2.1969918e-10
neg_012196	1.9723327e-10
neg_017928	9.069115e-10
neg_016828	3.2432375e-9
neg_010439	0.000004194997
neg_014252	5.4283794e-7
neg_002747	3.5977533e-7
neg_009668	0.004106414
neg_010763	1.0225611e-11
neg_015070	2.8240041e-9
neg_000061	2.1096619e-7
neg_004777	0.0000075011517
neg_015310	9.17543e-16
neg_006977	1.0617489e-15
neg_017962	3.8369734e-9
neg_010114	4.6856601e-7
neg_010607	0.0000013268311
neg_019482	0.000031504285
neg_017792	0.000026764557
neg_018455	8.8096985e-16
neg_011050	1.1909063e-12
neg_000386	0.000009865012
neg_004114	7.683866e-9
neg_010317	4.599047e-7
neg_001339	6.465431e-9
neg_008827	1.227703e-7
neg_013756	0.0015654729
neg_019497	0.00001552563
neg_019816	1.3223273e-13
neg_015561	1.2455752e-14
neg_017191	5.5449992e-11
neg_015063	4.8816352e-14
neg_000762	1.1796767e-9
neg_004987	4.01144e-12
neg_018939	9.088409e-13
neg_005363	7.518668e-12
neg_003615	0.000019727993
neg_012030	7.0605577e-13
neg_007030	0.000097688295
neg_017760	5.344994e-12
neg_001416	6.5368657e-9
neg_018592	1.6606973e-13
neg_001311	2.4656806e-11
neg_008371	0.0005776685
neg_008312	1.5144527e-8
neg_019954	0.0008373185
neg_005529	3.077723e-10
neg_008001	5.9310226e-16
neg_009003	6.69576e-7
neg_008836	0.12308747
neg_011945	3.0571793e-15
neg_015559	0.0000013511875
neg_010800	2.8460193e-15
neg_017917	0.0000789061
neg_012778	4.4695465e-9
neg_012687	0.0000016909515
neg_015153	4.147829e-14
neg_006631	2.5239e-9
neg_001494	0.000023920065
neg_008899	2.1272892e-15
neg_016888	1.677673e-20
neg_009850	2.9053856e-12
neg_013046	4.4254506e-10
neg_018212	1.5104796e-20
neg_017220	4.382259e-14
neg_018397	0.00097071833
neg_011406	6.8417656e-8
neg_002704	2.242848e-12
neg_006968	5.828653e-13
neg_016207	5.8886607e-9
neg_007084	2.3834392e-17
neg_002752	1.3398624e-10
neg_008907	0.0000010965892
neg_005762	7.214622e-9
neg_008364	0.016035894
neg_003463	2.684881e-8
neg_017183	1.2014567e-7
neg_009801	7.1434144e-14
neg_014075	4.9905946e-8
neg_006915	2.539221e-9
neg_004256	1.0461726e-13
neg_013209	9.715646e-10
neg_003715	1.3670709e-10
neg_015004	6.46316e-17
neg_015050	1.2159837e-14
neg_014399	0.000010259002
neg_008658	3.5142128e-10
neg_001023	2.225688e-11
neg_012662	6.36995e-14
neg_017311	1.7953386e-15
neg_010559	4.0570727e-14
neg_013985	1.5323636e-11
neg_001337	3.3851966e-11
neg_011882	5.543907e-8
neg_015095	0.0000047205012
neg_018672	4.396597e-12
neg_001513	1.092858e-12
neg_003109	4.481382e-11
neg_015486	0.000004655781
neg_009151	0.0000066783837
neg_008467	0.000018671322
neg_006679	5.119861e-11
neg_019765	7.036524e-8
neg_011495	1.5177319e-8
neg_017870	4.6765695e-14
neg_016075	2.0437069e-8
neg_010100	2.9157085e-10
neg_001829	0.0000017397401
neg_016665	2.9791988e-10
neg_000492	2.2996211e-8
neg_011513	6.1849086e-9
neg_008031	1.1000495e-9
neg_009484	0.0000025931029
neg_011705	1.5518009e-9
neg_008514	0.0002958375
neg_004942	2.015797e-9
neg_009660	3.1972034e-9
neg_020736	2.1052845e-13
neg_020783	1.1096467e-12
neg_015509	1.6301075e-18
neg_004448	7.570176e-10
neg_016781	3.6154074e-10
neg_012765	1.9880561e-10
neg_003775	7.65489e-12
neg_012277	8.049943e-11
neg_017088	4.932473e-15
neg_014477	7.003782e-13
neg_012273	0.0000013369239
neg_014185	7.842151e-11
neg_018169	4.560742e-10
neg_014124	1.2085978e-7
neg_008569	0.0014839753
neg_007811	7.5244883e-13
neg_017054	3.0249612e-7
neg_017895	6.649882e-9
neg_005988	4.4211073e-13
neg_011093	1.1396092e-12
neg_004814	0.0013468739
neg_009159	0.0017878889
neg_011473	2.2669715e-12
neg_000240	1.464833e-10
neg_003709	7.76946e-9
neg_017413	0.000017033924
neg_004429	2.8460193e-15
neg_010704	0.00000585349
neg_012140	1.0106017e-11
neg_003829	0.000027151102
neg_001233	1.3522326e-7
neg_017223	7.931136e-9
neg_013448	4.3172922e-13
neg_019105	6.060193e-13
neg_000808	0.00044766138
neg_012244	8.553091e-13
neg_011128	1.5290347e-8
neg_007185	4.9088484e-8
neg_007768	2.2080716e-12
neg_010747	3.8288293e-9
neg_008636	6.8307986e-7
neg_001019	0.00023336714
neg_011095	2.4603626e-11
neg_019203	1.4459071e-10
neg_016175	4.6559357e-8
neg_008631	0.00019613982
neg_002278	0.0000037897212
neg_005599	3.980235e-7
neg_010982	2.4325486e-10
neg_016237	4.102719e-11
neg_014404	0.000007480185
neg_002983	0.0010667625
neg_017063	0.0003300649
neg_001867	1.6755534e-8
neg_010379	4.2767903e-12
neg_009017	0.021911414
neg_019437	3.1553664e-12
neg_018607	1.8706153e-13
neg_009457	0.00024780468
neg_013395	9.108317e-12
neg_005305	1.2165488e-8
neg_016285	0.0016395343
neg_001913	2.390776e-8
neg_002941	8.110101e-9
neg_009384	2.279114e-7
neg_000677	0.000001258432
neg_020121	0.00014030676
neg_005560	3.9973482e-8
neg_020686	2.383366e-10
neg_016928	2.397858e-9
neg_006744	0.000001070764
neg_015966	3.2216507e-10
neg_018545	1.5396314e-12
neg_014190	0.00018529517
neg_007573	1.2815809e-8
neg_017886	0.000001332371
neg_002254	0.000009742061
neg_016333	1.4408209e-12
neg_009427	2.6015808e-8
neg_020816	9.657949e-13
neg_019325	5.545019e-19
neg_003905	0.000017048975
neg_018480	5.5827005e-16
neg_009132	0.0010193891
neg_009379	6.386045e-10
neg_011253	9.619714e-12
neg_008078	8.7307455e-8
neg_015057	4.6447655e-13
neg_001974	2.4031245e-8
neg_013432	7.3972065e-15
neg_015774	3.1564938e-11
neg_005032	7.5895495e-10
neg_010873	0.0000054282104
neg_006499	2.0375347e-11
neg_000611	4.7517932e-7
neg_010189	8.873631e-12
neg_016554	1.9363322e-18
neg_006161	4.458919e-17
neg_002758	1.1951155e-7
neg_004163	6.004623e-7
neg_013256	1.614348e-8
neg_007351	1.5395396e-9
neg_002904	2.2493757e-7
neg_016637	5.8550212e-15
neg_016950	2.74584e-13
neg_004529	5.8720858e-8
neg_014405	1.2751289e-12
neg_005521	1.3673056e-10
neg_003219	5.483582e-9
neg_019413	2.648201e-8
neg_013829	4.016838e-8
neg_007860	2.7297983e-13
neg_018600	1.0706302e-10
neg_014158	1.2975585e-8
neg_004997	8.369382e-12
neg_011490	2.8678628e-9
neg_008269	2.4443505e-12
neg_011958	6.1607867e-12
neg_011987	0.00003273612
neg_008086	0.00007516717
neg_015773	3.2190676e-12
neg_001285	4.2812837e-10
neg_003805	3.6912187e-17
neg_020399	2.1375266e-11
neg_018576	5.271387e-13
neg_003622	4.6421488e-11
neg_007292	1.4899574e-13
neg_002741	3.8494044e-17
neg_015113	1.881221e-9
neg_005877	6.0129124e-11
neg_013036	1.7394589e-14
neg_009068	6.1710685e-11
neg_006869	2.2993982e-11
neg_012633	5.4832994e-13
neg_000129	1.1266397e-8
neg_001044	1.34146765e-11
neg_013992	1.0950051e-8
neg_009670	0.00017699861
neg_002339	1.0941194e-9
neg_006535	3.035155e-10
neg_010170	0.000002602825
neg_015672	0.00003268116
neg_000521	1.1964771e-9
neg_015393	2.0415872e-12
neg_012001	1.1195963e-8
neg_014455	1.4618785e-12
neg_017395	1.5229572e-8
neg_012084	0.0000069507723
neg_013009	0.00034880853
neg_020082	1.2123856e-7
neg_011536	1.0565396e-10
neg_000785	5.4619664e-12
neg_014373	1.328169e-7
neg_010593	1.5406336e-15
neg_017106	1.0389925e-12
neg_001684	4.540291e-11
neg_013221	1.0256474e-7
neg_000287	0.0000062451163
neg_000376	0.0000027695248
neg_011577	5.0415117e-8
neg_015971	1.6282355e-12
neg_008984	1.7281149e-8
neg_007747	2.8251056e-11
neg_000938	3.6098586e-11
neg_006303	4.755548e-13
neg_019697	2.120502e-9
neg_018295	6.870322e-9
neg_004567	9.6089316e-8
neg_002934	0.00008407802
neg_020290	7.0510364e-15
neg_014738	2.1444023e-12
neg_020213	7.571338e-12
neg_010799	9.345927e-13
neg_020128	0.000019208052
neg_020824	0.0000075103285
neg_011330	2.0835769e-7
neg_006093	1.29926985e-8
neg_016987	8.646219e-14
neg_013577	0.00001475137
neg_013198	1.2974303e-7
neg_020430	1.6377856e-8
neg_009620	1.458469e-9
neg_008334	0.00017463374
neg_010380	0.000016835911
neg_015041	1.2195787e-15
neg_015267	1.3508976e-16
neg_010617	2.4520168e-9
neg_019630	1.5572512e-12
neg_019990	1.2266749e-12
neg_009656	4.6970635e-12
neg_002610	3.7953498e-11
neg_004240	0.0000068051745
neg_004657	0.0000075011517
neg_008393	4.709926e-13
neg_002153	0.000009638981
neg_015649	2.3738145e-15
neg_005235	2.1257046e-10
neg_004937	1.320601e-9
neg_014773	0.0000013254829
neg_007390	1.3289994e-10
neg_012421	1.2373451e-7
neg_000647	3.646991e-13
neg_000422	2.7948843e-10
neg_016546	1.0226245e-9
neg_008327	1.2961881e-8
neg_007980	1.6240516e-8
neg_002006	0.000008561911
neg_012212	3.7834584e-12
neg_003308	5.6195537e-10
neg_007895	1.5018245e-12
neg_020767	5.534337e-15
neg_017464	6.1812494e-7
neg_017461	7.395845e-17
neg_002679	5.699992e-8
neg_016747	1.465379e-16
neg_012249	3.1664217e-7
neg_008341	2.1583208e-12
neg_003310	0.0000011095335
neg_004027	8.6447234e-13
neg_001797	0.0049598324
neg_002376	0.00029806528
neg_014283	6.2329924e-12
neg_016234	8.258838e-12
neg_007862	3.5680287e-14
neg_000005	0.0000022687727
neg_008610	3.6492554e-7
neg_020590	0.000015425921
neg_001622	3.0337197e-10
neg_017579	1.0564967e-15
neg_009418	5.2357376e-7
neg_006265	5.4283794e-7
neg_009545	3.9739924e-17
neg_016244	7.351326e-15
neg_006165	0.00012457932
neg_005186	1.06571555e-7
neg_018598	2.7513827e-16
neg_016868	3.0716295e-14
neg_017206	6.055933e-8
neg_002130	2.1821933e-8
neg_019798	8.018672e-13
neg_006437	6.2881e-12
neg_012359	1.4793844e-8
neg_011440	0.000003617278
neg_003970	6.5084414e-8
neg_020808	6.614254e-11
neg_018571	0.0000834015
neg_005813	3.6842778e-9
neg_002106	4.091035e-8
neg_018774	5.016684e-13
neg_018461	6.617614e-10
neg_013202	3.083481e-10
neg_008228	1.5343388e-17
neg_002081	3.1603766e-9
neg_013709	3.6684513e-9
neg_015479	3.263622e-9
neg_006912	1.6386147e-14
neg_012134	2.2775066e-9
neg_009419	0.0000023366983
neg_003602	6.7838296e-10
neg_012390	1.6224308e-10
neg_001989	5.42621e-10
neg_013782	1.953798e-11
neg_005360	6.1710892e-12
neg_013071	0.00032401978
neg_002545	2.8825128e-15
neg_001895	1.8936571e-11
neg_019655	2.7629579e-8
neg_020532	6.7268593e-16
neg_018574	1.1869334e-12
neg_014923	9.899759e-16
neg_000780	0.000019995001
neg_013435	4.4807704e-13
neg_009470	3.2182493e-7
neg_001267	1.04035735e-7
neg_007315	3.8874396e-7
neg_006019	2.222109e-10
neg_007152	8.7469913e-13
neg_013144	1.4738577e-13
neg_003280	3.119856e-7
neg_019448	6.7047574e-7
neg_012983	3.3727146e-10
neg_015218	0.000017503125
neg_014366	1.691093e-8
neg_016971	4.539018e-11
neg_007183	2.4695575e-12
neg_006166	1.2490702e-10
neg_007991	6.678819e-11
neg_016740	4.0392155e-13
neg_003759	2.7265672e-9
neg_017662	4.3489714e-9
neg_012211	1.560606e-11
neg_004124	1.8144977e-10
neg_014771	1.3334002e-7
neg_012541	1.34761e-14
neg_008897	4.9088484e-8
neg_013611	1.8880497e-14
neg_007902	1.3588107e-8
neg_002410	1.05632346e-7
neg_009407	0.000017390419
neg_015806	2.2543864e-11
neg_019517	0.000609727
neg_005729	4.6495763e-14
neg_016050	9.94384e-11
neg_014800	8.6110916e-8
neg_006214	2.2939606e-16
neg_018269	1.9674875e-16
neg_001086	0.00010298598
neg_000242	0.00005223468
neg_012600	0.0000019686386
neg_020454	0.000044123713
neg_004210	0.00003214279
neg_007095	1.587132e-9
neg_002158	2.4322265e-8
neg_014150	1.6593728e-14
neg_007874	3.937868e-12
neg_011972	1.7871454e-8
neg_000878	4.922073e-7
neg_020169	9.774316e-8
neg_017370	1.1383466e-9
neg_004418	6.684599e-9
neg_019977	4.356209e-10
neg_000241	2.1558738e-7
neg_010021	1.7185758e-12
neg_009661	0.000009577096
neg_018605	5.961173e-14
neg_001718	0.0000011288691
neg_003960	0.0011122862
neg_008618	0.092257015
neg_012144	9.557273e-9
neg_010845	2.5801588e-8
neg_002095	7.1961597e-7
neg_002699	6.762485e-11
neg_010139	0.0000012398284
neg_011532	9.908767e-13
neg_018613	6.1405465e-13
neg_020348	7.527449e-12
neg_014611	0.011677117
neg_010387	0.026227215
neg_011428	1.0776339e-8
neg_000015	5.131562e-8
neg_017500	1.650274e-7
neg_000645	8.56814e-7
neg_007784	6.107613e-15
neg_013228	1.0229426e-9
neg_001761	3.888546e-9
neg_002585	3.0637278e-8
neg_019855	0.00005108549
neg_006483	4.481023e-11
neg_018621	1.4053063e-16
neg_012105	0.00045801702
neg_010906	1.0384833e-12
neg_002073	3.3090516e-10
neg_007012	7.689206e-8
neg_008289	0.000068183625
neg_014686	0.00023461111
neg_006609	4.402771e-13
neg_003510	0.0000055602063
neg_006754	1.6627965e-8
neg_003114	2.3239724e-13
neg_018622	0.00046455368
neg_003258	0.0000015696648
neg_006222	9.938171e-15
neg_013914	0.001618915
neg_007838	3.9500296e-13
neg_003212	4.42181e-7
neg_015616	1.93766e-9
neg_005835	1.9239603e-9
neg_008155	5.093118e-10
neg_013154	0.0000023149394
neg_004140	4.103942e-10
neg_010754	0.000008981098
neg_021025	5.030422e-10
neg_018008	0.000003951196
neg_014706	0.0042067557
neg_013431	2.1812432e-9
neg_009521	6.0516804e-13
neg_001654	2.6961797e-9
neg_009949	0.0005670492
neg_018918	9.255483e-7
neg_010362	6.0256437e-15
neg_001742	8.802225e-12
neg_016284	7.3240844e-13
neg_005152	0.0000030273295
neg_018086	2.871439e-7
neg_003304	6.24564e-9
neg_012800	9.320169e-9
neg_014065	2.1699407e-8
neg_012499	0.00023419857
neg_001787	9.5028443e-14
neg_000235	1.850723e-10
neg_000030	2.9473622e-7
neg_013788	0.00010067454
neg_012995	7.3892894e-13
neg_004487	1.2143226e-9
neg_014463	4.5326376e-13
neg_010476	0.000009533774
neg_017404	0.0009685567
neg_016280	1.0226564e-8
neg_012408	7.822073e-15
neg_017534	1.1083115e-13
neg_019952	0.000020722213
neg_005390	3.4829466e-12
neg_017673	9.1556575e-7
neg_001433	0.00004615529
neg_011924	2.2877256e-12
neg_005245	1.3187559e-9
neg_018649	0.000030468824
neg_000702	4.1193617e-9
neg_000732	8.730104e-10
neg_018130	0.00026722945
neg_009201	0.0018452554
neg_013748	2.5876583e-13
neg_004271	0.00008723248
neg_007625	1.9346881e-8
neg_005640	6.424227e-16
neg_012823	5.476691e-7
neg_006925	4.1964046e-9
neg_014827	1.0197365e-12
neg_020862	3.7057825e-7
neg_000002	5.5716015e-10
neg_019508	0.0000020317668
neg_013305	2.4687815e-15
neg_011757	2.5512883e-10
neg_002002	0.0000013498493
neg_000874	6.4479e-11
neg_017753	3.021104e-13
neg_009443	2.7675372e-11
neg_014620	0.0000021130438
neg_012411	7.8850855e-9
neg_003457	5.4691594e-12
neg_014070	1.902174e-8
neg_001928	5.880326e-11
neg_015499	3.1891652e-8
neg_007129	9.968276e-8
neg_004954	0.000023042629
neg_017611	0.000033028187
neg_004193	0.0025140918
neg_015185	4.9864984e-10
neg_002677	0.000004964349
neg_012629	7.3892894e-13
neg_005064	6.1420346e-13
neg_014362	2.196008e-13
neg_008550	0.000030964242
neg_002391	1.7547043e-10
neg_012011	5.365177e-12
neg_014969	1.328573e-11
neg_012511	0.00008490572
neg_018502	1.490587e-11
neg_006974	9.3591376e-7
neg_016269	1.2783087e-7
neg_010642	1.16734495e-11
neg_015875	0.00004204477
neg_012539	1.9224653e-7
neg_019222	2.3189823e-7
neg_007503	4.402771e-13
neg_012043	1.5736045e-8
neg_017483	0.0000948693
neg_005125	4.084306e-12
neg_002393	3.9684926e-7
neg_012225	3.121468e-12
neg_001492	3.3438783e-7
neg_005918	8.8480505e-7
neg_013255	7.118616e-11
neg_006339	1.3220732e-12
neg_008376	1.0192791e-9
neg_006104	2.5388696e-11
neg_003261	1.3507041e-9
neg_015964	0.11151647
neg_020015	2.838877e-13
neg_018929	3.2655034e-16
neg_005954	5.6208826e-10
neg_002252	3.2104995e-7
neg_016517	0.000014087871
neg_002142	0.0040660403
neg_007348	1.16336736e-7
neg_020707	4.095892e-15
neg_005711	1.3780859e-12
neg_017546	3.4216432e-9
neg_011006	3.2111797e-13
neg_021081	0.0012405815
neg_003015	0.000010103055
neg_009780	1.7697102e-8
neg_017105	0.000046474266
neg_012997	0.0036103036
neg_004466	6.357312e-11
neg_009685	0.00019184627
neg_003101	0.0000034038305
neg_016124	2.3526936e-10
neg_005430	1.6753096e-13
neg_017550	1.2811721e-9
neg_013988	9.592538e-9
neg_016353	5.9132603e-18
neg_003087	9.150474e-16
neg_012106	0.0000015619937
neg_006890	1.6539303e-8
neg_011560	1.3017055e-12
neg_010511	9.485357e-13
neg_012721	1.1388482e-9
neg_005519	1.8196138e-7
neg_017294	1.572639e-7
neg_010843	2.1942937e-11
neg_018384	0.00013963594
neg_012617	6.574034e-14
neg_005661	8.599418e-9
neg_004947	0.000028573719
neg_003680	1.563543e-8
neg_015324	5.8364244e-11
neg_015626	2.6311018e-9
neg_010945	6.907523e-12
neg_020123	7.4674303e-16
neg_014208	4.6712313e-7
neg_006625	5.4214855e-9
neg_005088	0.0000040508057
neg_018677	0.002383296
neg_018106	5.3269503e-8
neg_020145	2.6929377e-12
neg_002162	1.1282401e-11
neg_015581	7.568594e-12
neg_004315	1.0215369e-9
neg_005402	1.431489e-7
neg_001449	0.0015653842
neg_016812	7.729908e-12
neg_007073	1.200679e-9
neg_011773	0.000055430697
neg_001464	3.4490426e-14
neg_015615	2.968675e-15
neg_008201	5.9096755e-7
neg_001308	5.147377e-18
neg_003277	2.2943089e-10
neg_000425	1.8537604e-7
neg_012132	3.5533564e-8
neg_018258	1.3321261e-10
neg_014707	0.00024085566
neg_010113	4.1160946e-9
neg_007081	2.5387096e-15
neg_012135	2.1494974e-7
neg_017816	4.996665e-18
neg_009055	3.568657e-9
neg_018400	1.1165515e-7
neg_000459	3.799312e-11
neg_005844	1.8408604e-8
neg_015770	0.007885558
neg_007688	1.8339937e-13
neg_009836	0.000026459766
neg_000182	7.627575e-9
neg_013281	4.79975e-18
neg_016446	0.00044104244
neg_014347	4.018332e-8
neg_003573	0.000024087582
neg_006937	1.1458793e-13
neg_016411	6.042453e-13
neg_000282	2.5020183e-10
neg_018874	0.0016550015
neg_006875	1.6290051e-13
neg_010479	3.8038017e-10
neg_018591	4.887646e-17
neg_017657	1.0869292e-12
neg_015133	0.00007066615
neg_013019	1.8455754e-11
neg_017730	0.99823135
neg_020233	1.09942295e-8
neg_016232	0.08562685
neg_005024	1.6452745e-12
neg_009567	1.0486604e-12
neg_019419	1.9528471e-8
neg_005166	8.771149e-13
neg_004356	1.4801325e-8
neg_020621	3.006367e-12
neg_002700	0.0019365943
neg_009045	1.361138e-11
neg_002506	0.0000014208778
neg_006844	7.6914056e-8
neg_005579	3.572486e-8
neg_004255	0.07807777
neg_012927	3.1935659e-12
neg_009378	4.0032633e-11
neg_016480	7.595892e-10
neg_012706	5.697256e-11
neg_015195	4.2564377e-8
neg_011175	3.8466164e-9
neg_011215	0.000030259267
neg_011064	3.3983351e-15
neg_006079	0.00026044206
neg_000778	1.1934367e-9
neg_005609	1.6933271e-15
neg_002361	3.221729e-11
neg_011186	9.4737766e-11
neg_000249	1.0790402e-9
neg_008716	0.0035602802
neg_011842	5.4619714e-10
neg_008522	6.7804087e-12
neg_004849	4.6642374e-8
neg_011544	0.00005478782
neg_015180	1.3601928e-8
neg_007149	1.9481503e-10
neg_017602	6.398021e-9
neg_003982	0.014116054
neg_021157	3.2814976e-10
neg_010242	7.721369e-10
neg_006755	1.5431232e-7
neg_005980	4.578274e-7
neg_018010	8.492557e-16
neg_002854	0.000055488188
neg_018578	0.009217945
neg_014378	0.000008836954
neg_017844	2.9053504e-7
neg_015578	4.797921e-7
neg_020746	9.842599e-16
neg_010736	4.780715e-12
neg_017333	0.012364612
neg_014427	1.614348e-8
neg_004426	0.00037379385
neg_014564	1.6641083e-10
neg_016138	1.9369263e-15
neg_017514	0.000032167292
neg_002484	9.708859e-19
neg_001734	4.3624835e-15
neg_014761	1.4868658e-7
neg_014629	1.412788e-9
neg_000726	1.1082248e-9
neg_016125	8.0964857e-16
neg_015007	2.5062762e-12
neg_005404	2.6802452e-8
neg_009904	5.43018e-12
neg_009990	0.0009341296
neg_003033	1.7428447e-16
neg_005425	6.749849e-13
neg_007603	6.1607867e-12
neg_008323	0.0012216502
neg_020873	2.427046e-7
neg_000181	1.1548589e-11
neg_012659	9.841352e-10
neg_012161	0.000112019836
neg_001176	0.0002462547
neg_008829	3.788642e-9
neg_002264	7.442795e-14
neg_005897	1.5343388e-17
neg_002379	5.486647e-13
neg_007978	0.000008433635
neg_007707	3.5392001e-15
neg_008128	0.0031471504
neg_002386	3.8161886e-8
neg_020628	0.00616113
neg_009772	3.125619e-9
neg_005630	4.7850363e-13
neg_014789	8.547199e-7
neg_019183	1.1521963e-8
neg_001800	4.494636e-7
neg_017693	1.9362535e-8
neg_004132	9.903774e-14
neg_007638	3.2196123e-13
neg_015427	1.7486637e-10
neg_007821	4.449835e-14
neg_001937	1.191133e-13
neg_019181	1.3272369e-13
neg_008942	3.8874396e-7
neg_017520	4.769003e-8
neg_000473	9.838001e-12
neg_006772	5.9499474e-15
neg_004704	2.2758997e-9
neg_017215	3.2171198e-17
neg_020849	5.461414e-8
neg_013523	1.1854725e-11
neg_018645	2.7951843e-9
neg_011650	1.3446256e-8
neg_011651	6.2029513e-12
neg_006939	8.814907e-9
neg_012806	0.00040051583
neg_017427	0.0004615042
neg_016021	9.361643e-17
neg_014803	0.000034433233
neg_000768	5.357932e-7
neg_002170	0.00026494343
neg_002987	1.1170162e-14
neg_012335	5.2374727e-9
neg_015480	6.2446624e-13
neg_003226	6.5305125e-7
neg_006348	1.9820096e-10
neg_009133	0.00012383117
neg_006706	3.43333e-10
neg_011004	1.9710663e-13
neg_008402	0.00003129277
neg_010505	1.605e-7
neg_016390	9.3927206e-11
neg_003781	0.000010370144
neg_002768	2.1312828e-10
neg_016547	3.8095405e-16
neg_001216	0.0000017491662
neg_012223	8.5570775e-8
neg_005982	1.7151667e-12
neg_003609	8.080428e-8
neg_017625	7.860642e-12
neg_013966	1.6079154e-9
neg_007766	0.000001317925
neg_004765	3.2095697e-13
neg_014333	0.00009294762
neg_017630	2.0471252e-7
neg_010934	1.0384833e-12
neg_005915	1.5343388e-17
neg_017704	6.6663177e-12
neg_015956	2.341083e-13
neg_001466	2.9660485e-15
neg_008659	0.000019078543
neg_017747	0.000052075324
neg_000356	1.1412041e-15
neg_020142	4.0791345e-13
neg_012214	4.0179158e-13
neg_008513	0.03750298
neg_011169	2.3102145e-13
neg_009828	1.21121715e-11
neg_006596	0.00003488881
neg_002989	5.518898e-10
neg_004101	0.000004126566
neg_005857	1.0384833e-12
neg_016213	2.8317978e-13
neg_000876	2.131299e-10
neg_008996	2.6953114e-12
neg_020021	2.9090745e-11
neg_020515	5.0466846e-13
neg_013784	0.000022277243
neg_005678	1.921109e-7
neg_018066	2.0377425e-13
neg_014505	1.01580596e-7
neg_009673	0.0000044467242
neg_013124	0.0000049052965
neg_019471	3.9146603e-12
neg_006872	0.00032311963
neg_012616	6.6580515e-7
neg_019479	0.0000031080115
neg_009359	0.000991716
neg_020013	1.393689e-7
neg_010414	5.537894e-12
neg_011061	2.2370408e-13
neg_001664	2.391574e-12
neg_009061	7.1471398e-9
neg_014361	1.8452686e-8
neg_005871	4.9190493e-14
neg_011216	3.206946e-8
neg_004986	6.30085e-8
neg_004312	1.2600576e-11
neg_000208	2.6826168e-9
neg_020462	0.0000018276465
neg_005333	3.5213867e-13
neg_020758	1.7282039e-8
neg_010862	1.1477835e-11
neg_006697	3.0123365e-12
neg_008428	8.212104e-9
neg_002194	7.7041194e-16
neg_003574	4.4492592e-7
neg_015812	2.2859576e-17
neg_020075	0.0000017456167
neg_014927	0.0000065342715
neg_017140	3.713664e-8
neg_012435	0.00003373253
neg_006428	1.9585925e-11
neg_002186	4.1373422e-11
neg_015528	5.4501447e-12
neg_016029	4.1642603e-11
neg_014341	0.0005355288
neg_018093	1.3853822e-10
neg_000402	0.000001485164
neg_016899	4.560727e-9
neg_020365	3.7033157e-8
neg_013928	1.5838688e-13
neg_003040	0.0000018462829
neg_020975	1.8699967e-11
neg_007034	1.4156638e-16
neg_018479	2.2118833e-11
neg_005456	1.1032723e-10
neg_007160	6.2091856e-17
neg_003682	0.000001093543
neg_008833	0.0022351844
neg_020879	3.334545e-11
neg_015279	0.00012256397
neg_012131	3.605051e-10
neg_002721	1.2660115e-7
neg_016631	1.1085589e-9
neg_001024	7.0019828e-12
neg_013502	9.474531e-8
neg_006086	9.524567e-10
neg_020346	7.303387e-8
neg_016609	3.6542293e-11
neg_008135	2.7257444e-10
neg_008808	0.00037399237
neg_019475	0.000008659168
neg_005923	2.492731e-9
neg_017859	0.000012441466
neg_008644	7.032714e-8
neg_019984	1.5185757e-10
neg_011341	2.056399e-12
neg_008577	0.020936104
neg_012016	0.000001869012
neg_006384	2.6927822e-13
neg_010885	3.48157e-13
neg_003685	1.0866904e-9
neg_006949	2.7843878e-9
neg_016206	0.000023289665
neg_012610	3.0237253e-14
neg_020571	0.0005436829
neg_007232	1.1867471e-13
neg_010516	7.3905156e-13
neg_020908	1.1727541e-8
neg_012725	7.2913946e-7
neg_012402	0.0000048570196
neg_019020	1.3958335e-16
neg_005932	0.000032292694
neg_014592	8.1093525e-14
neg_008439	5.194735e-12
neg_001810	2.0131805e-9
neg_016939	0.0000032193343
neg_002882	7.0012054e-9
neg_018908	1.2114592e-8
neg_001134	2.3819285e-11
neg_007021	2.514276e-9
neg_020631	3.898315e-11
neg_020077	1.6843207e-15
neg_010555	3.7589314e-7
neg_019528	9.1306435e-10
neg_012080	0.0000039258166
neg_018837	0.033507813
neg_003522	0.0072907787
neg_018331	4.438579e-7
neg_000336	6.2243606e-14
neg_006945	0.00004563147
neg_018275	0.000010728005
neg_014398	0.00022885772
neg_017529	0.00003796336
neg_010338	3.004759e-14
neg_006978	2.5364022e-14
neg_019256	3.0316055e-8
neg_010739	6.2332083e-15
neg_016257	9.7171604e-11
neg_000148	3.7521344e-11
neg_003526	1.890261e-15
neg_006385	4.0131773e-8
neg_003969	2.9961236e-10
neg_013455	4.4807704e-13
neg_001850	4.553028e-8
neg_001905	1.0514986e-8
neg_020311	1.6599601e-12
neg_009057	1.3334677e-11
neg_005273	2.5691584e-12
neg_013697	2.0342601e-12
neg_011876	0.0003493763
neg_005219	1.8896017e-11
neg_017649	2.4016467e-10
neg_018594	4.2749265e-14
neg_010867	4.3678876e-11
neg_019353	2.4549294e-7
neg_005346	1.0486604e-12
neg_010914	0.004686725
neg_019730	1.178559e-7
neg_008769	0.0000070048736
neg_012703	9.278056e-18
neg_017421	1.1582823e-8
neg_009889	1.7465153e-12
neg_000675	7.66362e-10
neg_014861	3.157079e-14
neg_011742	2.1203655e-12
neg_018294	0.0000016350409
neg_020379	6.552166e-10
neg_016036	0.00014409695
neg_012137	2.2756568e-9
neg_013280	4.344681e-11
neg_006847	6.156543e-13
neg_008492	1.6564842e-12
neg_014069	2.0494646e-8
neg_008931	1.3478531e-12
neg_017073	1.436279e-17
neg_010407	1.7818246e-9
neg_021050	1.1902218e-10
neg_007142	5.144792e-8
neg_004967	1.3602983e-13
neg_018759	3.67303e-9
neg_017439	5.1944744e-13
neg_008680	0.0000010333926
neg_001553	2.7111068e-14
neg_018383	2.424255e-16
neg_005832	1.1073068e-11
neg_006200	1.2811702e-8
neg_000818	2.0043735e-15
neg_015704	4.8553637e-11
neg_013177	8.1770535e-11
neg_016816	7.184048e-11
neg_002990	2.2791204e-7
neg_015147	3.4980693e-10
neg_008544	0.0030823995
neg_000837	0.000008056387
neg_000039	0.00024601087
neg_014985	5.4060967e-10
neg_015289	2.7052502e-7
neg_004981	0.0000048570196
neg_010941	9.907379e-7
neg_018064	1.2476242e-7
neg_007666	3.7034747e-10
neg_011724	6.8004186e-7
neg_000329	1.7307208e-8
neg_007215	3.293502e-8
neg_010437	1.4507802e-10
neg_019196	1.2063834e-13
neg_020945	0.000001284462
neg_017889	7.642636e-8
neg_010996	5.8164573e-10
neg_007796	1.6055004e-7
neg_004603	1.0218909e-10
neg_001052	3.4887243e-12
neg_003611	1.2540224e-8
neg_011145	1.2353034e-12
neg_007394	2.5508355e-14
neg_017302	1.4862033e-8
neg_020666	5.738097e-15
neg_019747	1.4396116e-7
neg_017996	9.127047e-16
neg_009079	0.031910047
neg_001938	2.534021e-12
neg_004322	2.3198161e-15
neg_020788	6.0092946e-13
neg_015591	1.1018358e-14
neg_000095	3.475627e-12
neg_003796	2.3568685e-8
neg_019850	1.2854051e-11
neg_008000	5.515457e-7
neg_012834	6.203833e-10
neg_001838	0.0002039889
neg_006512	1.10762e-10
neg_017954	9.508095e-8
neg_006972	1.2065106e-8
neg_013150	3.5890628e-7
neg_014519	2.3513907e-8
neg_014580	2.3081353e-17
neg_010949	1.9621513e-8
neg_010096	1.1987964e-8
neg_006128	1.2435035e-13
neg_013715	7.590498e-8
neg_006998	4.655303e-9
neg_014688	2.812537e-10
neg_009652	1.479375e-13
neg_010226	3.6937112e-10
neg_004878	3.5699795e-8
neg_001567	1.3190437e-7
neg_018935	1.6119462e-14
neg_008459	0.007286728
neg_020573	2.9006209e-10
neg_012468	7.967787e-8
neg_010457	5.0761802e-8
neg_014233	4.0828937e-17
neg_020435	5.134494e-10
neg_013484	9.100865e-9
neg_008923	1.3283204e-10
neg_014380	0.0000157176
neg_008750	4.7566256e-10
neg_016346	4.5271515e-9
neg_005578	2.2690424e-13
neg_012474	3.1525647e-15
neg_011686	0.00000585349
neg_016743	2.4768576e-10
neg_019025	6.5910466e-14
neg_004164	0.000025184487
neg_016271	1.1541737e-8
neg_000903	4.4696773e-7
neg_008363	0.0000036698607
neg_009517	6.705314e-7
neg_007931	1.3812352e-9
neg_016634	3.3311223e-9
neg_019227	0.00014741799
neg_020699	0.0000017772403
neg_004640	2.58224e-9
neg_010673	3.2176434e-12
neg_001333	1.1983631e-10
neg_007249	6.77792e-10
neg_008748	3.8047936e-15
neg_004089	0.00000596466
neg_013249	1.0384833e-12
neg_014203	3.9818097e-8
neg_019812	2.7169916e-11
neg_018422	0.0000011040418
neg_004769	0.00091125217
neg_013085	6.6393127e-9
neg_017778	7.0073645e-9
neg_019637	1.4218383e-17
neg_009667	9.2364285e-9
neg_017237	2.257147e-16
neg_007098	0.000020875039
neg_001886	1.433906e-13
neg_008766	0.000023803692
neg_014921	0.000004684758
neg_013543	6.0836596e-12
neg_013334	4.208594e-10
neg_014035	0.07446146
neg_012307	0.0000020189032
neg_011515	4.764648e-12
neg_002298	5.2257088e-9
neg_014702	2.9923808e-7
neg_003823	3.10089e-11
neg_013011	8.685665e-16
neg_004151	4.4714927e-8
neg_003065	1.112453e-11
neg_015508	0.000026001455
neg_004625	3.6082942e-12
neg_004084	3.904625e-11
neg_015090	3.0651495e-11
neg_016023	6.725321e-12
neg_015231	3.7383973e-15
neg_008765	0.1386216
neg_013638	0.0000020614218
neg_018103	0.000007707399
neg_002578	1.0855748e-11
neg_012789	0.0000020585182
neg_013557	0.013632725
neg_011414	3.9048235e-16
neg_011407	2.720956e-13
neg_006429	2.7600175e-9
neg_009358	4.6357718e-10
neg_003474	1.2564528e-11
neg_019485	0.0000090679005
neg_009745	2.4151312e-12
neg_006088	3.151061e-8
neg_007004	1.1535705e-12
neg_001227	0.0000049348473
neg_013012	3.3583147e-11
neg_012564	4.0693473e-11
neg_008542	0.0040900656
neg_003345	9.077548e-9
neg_008717	4.1515867e-11
neg_013656	1.666852e-11
neg_016425	1.4384888e-13
neg_015526	0.00006000048
neg_003857	7.668083e-9
neg_011369	4.1777326e-13
neg_013519	8.819641e-11
neg_008737	0.0000813101
neg_016117	1.7631491e-13
neg_016457	7.077192e-14
neg_002921	6.707598e-10
neg_018096	2.1418412e-14
neg_007888	0.000087233726
neg_000163	4.0972432e-7
neg_014866	2.215527e-15
neg_000218	1.0919907e-13
neg_008173	0.00014944102
neg_007527	1.5343388e-17
neg_000261	0.0000012605965
neg_020886	9.853944e-16
neg_015605	6.0776817e-10
neg_005890	1.0943233e-10
neg_003041	0.000033389086
neg_005117	5.6273382e-11
neg_008308	6.507895e-8
neg_009966	0.000016574297
neg_011994	1.3430292e-7
neg_013470	4.7166895e-7
neg_014915	7.1226455e-16
neg_007057	0.000003957792
neg_001345	2.2962381e-15
neg_019473	2.5902178e-8
neg_019815	3.2211964e-10
neg_007298	8.6155383e-13
neg_011684	5.7947163e-15
neg_006686	9.791575e-8
neg_003890	1.8424654e-12
neg_009304	3.5652754e-9
neg_014572	7.898685e-11
neg_016016	6.177296e-8
neg_002900	1.6239168e-10
neg_017967	3.9493133e-7
neg_012972	0.0004752238
neg_003205	1.7193496e-12
neg_007865	0.0005623582
neg_010140	1.5243848e-11
neg_006206	1.2520892e-11
neg_014906	7.2766895e-8
neg_018504	4.4586198e-14
neg_018700	8.6304024e-14
neg_012718	3.3423903e-11
neg_001649	4.5540187e-8
neg_015832	8.614362e-15
neg_018092	8.583588e-9
neg_018717	1.4558128e-8
neg_021070	8.3159546e-7
neg_004051	7.068909e-7
neg_009771	1.3307998e-11
neg_006407	0.0011849079
neg_009251	0.000071960385
neg_020545	7.6937295e-7
neg_003437	7.29941e-14
neg_006582	3.32902e-9
neg_002672	1.0560373e-15
neg_008003	3.8433925e-15
neg_013493	2.0873152e-10
neg_014490	4.832893e-11
neg_009925	5.452791e-7
neg_005713	4.32901e-9
neg_020721	0.00060380175
neg_014964	0.00009514189
neg_006712	2.4691363e-10
neg_017744	0.0021405423
neg_000542	0.00008608829
neg_019208	0.000009503999
neg_007302	1.6869282e-7
neg_011496	4.0383146e-9
neg_011655	1.1015433e-7
neg_007705	0.00073259894
neg_018742	3.1699998e-9
neg_005725	1.3893958e-11
neg_001229	0.0000010478908
neg_006809	4.5875935e-11
neg_017289	5.098067e-13
neg_018769	6.0895363e-15
neg_000536	3.995759e-10
neg_008848	7.1103453e-13
neg_010741	3.5721504e-9
neg_003752	0.000005888113
neg_019054	0.00000781943
neg_013330	1.1385505e-13
neg_010125	3.7940097e-8
neg_003477	9.954305e-13
neg_018640	2.9425167e-12
neg_020680	9.841953e-10
neg_002373	2.3779361e-7
neg_008461	0.0026262365
neg_005481	2.9194992e-13
neg_020569	1.8446457e-8
neg_011613	0.0000013440034
neg_002628	1.9984332e-8
neg_002279	1.8517198e-9
neg_020309	0.007937217
neg_001795	0.0049598324
neg_001296	0.00023281442
neg_016662	5.140895e-13
neg_015280	1.15423354e-7
neg_011986	0.00003482014
neg_007685	4.2829205e-16
neg_001169	1.439812e-13
neg_018690	1.0975821e-14
neg_019539	0.002964996
neg_012267	2.5876583e-13
neg_005281	9.446169e-15
neg_019039	3.2261634e-18
neg_015595	1.4636285e-11
neg_014374	2.9157085e-10
neg_014518	0.00010991575
neg_000298	3.6455614e-7
neg_010569	0.000107986314
neg_006441	7.8146955e-14
neg_009474	3.9261663e-13
neg_019769	0.004262499
neg_010301	1.3755505e-10
neg_007677	8.599418e-9
neg_009839	4.9648674e-11
neg_000087	3.402784e-8
neg_001733	7.0747732e-15
neg_016658	0.0000025591896
neg_002993	2.876304e-13
neg_002332	0.00070656714
neg_016327	0.000058160727
neg_014617	3.5466392e-8
neg_012704	5.4283794e-7
neg_000713	4.0132275e-7
neg_008391	2.8522301e-8
neg_004090	1.824702e-7
neg_017797	7.318815e-7
neg_012605	2.1371527e-10
neg_010271	1.0017216e-8
neg_011970	0.001421786
neg_000285	5.546472e-7
neg_002736	9.9787954e-8
neg_014937	2.5601979e-11
neg_005436	1.2650992e-7
neg_017240	1.0464337e-10
neg_011841	1.3717279e-10
neg_019176	5.6973185e-12
neg_013955	1.0837727e-15
neg_008303	3.3859248e-8
neg_020843	6.223271e-17
neg_018907	1.4673937e-11
neg_017342	5.818534e-13
neg_020410	3.7308982e-14
neg_001643	2.1032207e-10
neg_006402	0.013410383
neg_015727	1.0854567e-11
neg_002444	7.999687e-16
neg_006436	2.9199969e-8
neg_007164	2.3834392e-17
neg_020005	8.961656e-15
neg_008584	0.00010246201
neg_013057	3.278391e-12
neg_002724	1.0350549e-7
neg_008548	0.000033352233
neg_004747	1.1280093e-12
neg_005532	1.2146625e-10
neg_017067	7.9107485e-7
neg_015619	1.5644535e-7
neg_012053	0.00002072154
neg_012495	0.00010550027
neg_008490	5.6173086e-8
neg_020552	1.8559106e-8
neg_007419	3.6888426e-12
neg_001717	0.0003375674
neg_019226	3.9658685e-9
neg_019370	3.384275e-10
neg_002087	2.2951898e-9
neg_010028	3.4392828e-13
neg_013964	1.5209514e-8
neg_009646	1.4636018e-13
neg_007884	0.000021740872
neg_020601	0.00009983412
neg_001171	5.122262e-8
neg_002294	0.0006259427
neg_005759	1.8300758e-10
neg_002718	1.6749294e-7
neg_001764	3.687847e-14
neg_005938	5.640219e-8
neg_018247	1.3272452e-12
neg_005875	5.8747934e-13
neg_004871	1.3664293e-14
neg_010054	4.8482633e-12
neg_020703	8.243105e-11
neg_003795	0.00052268547
neg_010217	5.893751e-9
neg_002203	0.00010009817
neg_003782	1.0218383e-10
neg_004512	1.9533115e-7
neg_011456	4.1854627e-16
neg_019224	2.2194488e-14
neg_020510	1.324826e-10
neg_009579	0.0014975478
neg_012145	7.802964e-9
neg_013382	3.058705e-9
neg_004200	4.961902e-12
neg_000828	9.195015e-9
neg_019875	2.3701367e-11
neg_003127	1.5459219e-7
neg_016186	5.1921685e-16
neg_012820	1.0776703e-9
neg_013282	2.8321423e-10
neg_008929	6.074037e-8
neg_017640	0.0021434186
neg_002693	2.2275205e-7
neg_020308	1.5590645e-19
neg_014141	1.25895445e-8
neg_007942	1.8440184e-13
neg_014308	2.710321e-10
neg_000921	9.948028e-8
neg_010940	2.4495497e-8
neg_000250	8.009913e-13
neg_016688	1.4783703e-10
neg_002966	1.1934367e-9
neg_008182	3.0278828e-9
neg_016705	5.106566e-8
neg_012571	1.2431893e-11
neg_007454	6.6580515e-7
neg_001638	7.0648896e-11
neg_011617	0.000027403114
neg_007445	1.3326439e-11
neg_019690	6.323172e-19
neg_013876	2.3539977e-8
neg_020564	0.00037932055
neg_012654	1.7760495e-7
neg_008563	0.0067970385
neg_004445	0.000004542599
neg_006336	2.1455174e-10
neg_015914	1.3730515e-15
neg_017874	6.454688e-12
neg_006254	1.477483e-13
neg_012482	0.000045504927
neg_005031	2.619718e-10
neg_010991	4.528084e-9
neg_005417	7.146027e-15
neg_015564	4.5686463e-18
neg_020325	3.3826723e-7
neg_019496	8.510599e-10
neg_018961	1.7044414e-15
neg_010720	0.00025618443
neg_017178	8.211348e-10
neg_000914	1.7862683e-7
neg_003222	1.0874036e-9
neg_009472	2.2869886e-8
neg_006503	1.4248929e-9
neg_020798	3.5071384e-12
neg_013679	5.4630607e-7
neg_015149	0.031468615
neg_008486	2.0817508e-8
neg_009408	0.43702093
neg_020441	1.8003357e-14
neg_012925	1.0486604e-12
neg_001635	5.8278835e-7
neg_002814	6.672084e-11
neg_009736	4.063114e-7
neg_000666	1.4754816e-8
neg_002372	4.455352e-8
neg_018977	1.4362471e-12
neg_007689	9.5786046e-17
neg_003466	5.723892e-13
neg_020968	1.459793e-10
neg_018652	3.8696367e-8
neg_006126	1.285427e-15
neg_012942	0.0000022197005
neg_007107	2.3971056e-11
neg_015501	4.3151948e-16
neg_001908	6.566059e-8
neg_010188	3.228403e-11
neg_019173	8.622437e-18
neg_014679	1.698379e-8
neg_004935	2.7953064e-7
neg_016602	2.0280876e-7
neg_001277	1.6575685e-8
neg_017340	1.037245e-14
neg_016957	3.3687815e-9
neg_018203	1.2236949e-7
neg_010304	4.7494612e-11
neg_005547	2.6961267e-10
neg_002831	6.43383e-8
neg_003562	0.00016958821
neg_001994	1.1934367e-9
neg_000551	0.0005123299
neg_010993	2.195894e-10
neg_009092	0.00000585349
neg_015566	2.5269378e-14
neg_021059	0.0003125449
neg_003838	0.000009570942
neg_004881	2.0981532e-9
neg_019056	9.829257e-9
neg_003517	1.11124855e-7
neg_008567	0.023104101
neg_004559	1.7362312e-13
neg_006780	6.1338336e-15
neg_004409	3.5709546e-11
neg_019009	1.0843507e-9
neg_016951	1.02849815e-14
neg_006174	1.1457073e-12
neg_006092	4.2305115e-9
neg_018841	0.00010310202
neg_012751	1.2134666e-8
neg_011988	4.6992934e-9
neg_008426	0.000027686569
neg_002271	1.9444259e-11
neg_004127	9.599095e-8
neg_018282	4.183533e-15
neg_014453	8.788769e-7
neg_006900	0.0000019636414
neg_017434	1.5840431e-14
neg_014749	0.00000691972
neg_018617	0.000051112635
neg_014715	2.8235024e-7
neg_016988	7.802483e-10
neg_006970	3.528334e-8
neg_002644	2.45089e-9
neg_008347	6.4785404e-9
neg_008649	4.806618e-7
neg_007846	5.490803e-13
neg_010611	8.468062e-10
neg_014444	2.4201112e-12
neg_013880	0.016597645
neg_012666	6.4750746e-11
neg_008549	0.00089395524
neg_006953	1.0242266e-14
neg_007470	1.2815809e-8
neg_000786	3.230202e-11
neg_018107	2.5602507e-8
neg_004238	0.0000023616196
neg_020754	7.578735e-12
neg_017172	0.0000040717823
neg_005895	3.8874396e-7
neg_013327	1.1953062e-14
neg_015120	0.70265925
neg_012071	2.6389657e-10
neg_005488	4.160249e-12
neg_006133	7.865355e-11
neg_019551	9.249244e-9
neg_010998	3.5439548e-8
neg_017024	1.4903914e-14
neg_011111	7.602116e-7
neg_021077	0.000032086624
neg_014594	2.5691584e-12
neg_006103	1.205018e-12
neg_001766	0.022499548
neg_000398	3.509281e-11
neg_018863	1.5750187e-12
neg_000970	4.5303068e-7
neg_018947	4.653403e-13
neg_009267	0.00007192553
neg_019975	8.1072074e-13
neg_004411	1.5301677e-14
neg_018098	1.1148911e-8
neg_007507	2.8019922e-15
neg_004444	3.2862595e-9
neg_011381	8.5687756e-11
neg_004328	1.09148615e-14
neg_016817	2.167064e-10
neg_009960	4.0913564e-11
neg_001906	0.004544992
neg_002794	0.0000043199866
neg_016401	0.000048246577
neg_007686	2.880102e-10
neg_005272	0.0000044335843
neg_000157	0.00004554656
neg_011834	4.0315754e-8
neg_008353	4.7465503e-9
neg_014920	4.0332264e-13
neg_014424	3.8300624e-7
neg_001630	2.450939e-11
neg_004826	8.599418e-9
neg_006007	2.4481142e-7
neg_001324	0.0000032752434
neg_003347	3.770342e-11
neg_010710	4.780715e-12
neg_012003	1.2323637e-9
neg_018831	5.660583e-10
neg_012491	3.1196766e-8
neg_005761	1.6049018e-11
neg_011256	0.000005218493
neg_016561	2.0538746e-12
neg_020753	4.3957473e-13
neg_011595	0.000024662551
neg_001405	0.016893651
neg_000735	0.0000031668583
neg_004438	1.28001245e-8
neg_017057	4.293877e-14
neg_002405	1.12762875e-8
neg_013095	0.0000013211693
neg_009988	4.1909412e-13
neg_004595	5.4792984e-8
neg_014468	0.000043656408
neg_018648	3.0941252e-15
neg_005180	2.8468086e-10
neg_013883	1.687381e-16
neg_020321	0.0000012162817
neg_014598	1.0576343e-14
neg_015884	0.0000101394435
neg_017072	7.4968874e-8
neg_012458	2.0908386e-9
neg_004786	1.9044613e-8
neg_005728	1.4062865e-10
neg_018834	0.0000021656838
neg_016809	1.1259324e-7
neg_005056	9.9422096e-11
neg_003415	6.7040578e-9
neg_015873	0.000012207091
neg_014303	5.208461e-10
neg_012701	7.9055826e-7
neg_005285	8.3227874e-8
neg_016946	7.1237714e-9
neg_008505	1.5411997e-9
neg_005311	3.881982e-8
neg_007068	4.0828937e-17
neg_003770	1.3839375e-10
neg_002277	2.5869515e-10
neg_014797	2.7663868e-11
neg_000933	0.00013925858
neg_016055	1.20588855e-17
neg_008867	0.0000016060272
neg_011302	0.000032750486
neg_000654	5.472016e-9
neg_018442	0.000006685119
neg_012407	6.6514036e-13
neg_008414	0.0000014315726
neg_014659	1.335525e-10
neg_010121	1.1499695e-7
neg_015453	2.91175e-11
neg_005130	3.3908927e-13
neg_016918	5.590466e-13
neg_007524	3.8874396e-7
neg_011732	8.109764e-8
neg_002445	0.000058058205
neg_016825	3.5265924e-7
neg_012057	1.9431477e-10
neg_010147	5.3492666e-16
neg_004527	6.0174385e-9
neg_009349	6.5513374e-15
neg_008460	0.0004852615
neg_002947	3.2015648e-10
neg_005617	5.399102e-13
neg_018803	7.609493e-14
neg_015112	0.000006228973
neg_001990	3.096317e-10
neg_009131	0.00016887048
neg_018785	0.000006641552
neg_017128	0.00004212728
neg_018438	0.000947689
neg_009372	1.5084525e-7
neg_010129	0.000136564
neg_003488	1.2113523e-7
neg_013739	4.5183482e-11
neg_000523	0.0000035861515
neg_000840	4.7711477e-13
neg_017903	1.6258555e-8
neg_001361	5.3792363e-8
neg_010325	4.9817143e-11
neg_006529	0.000008849748
neg_005951	3.171536e-9
neg_004811	3.2169759e-15
neg_010594	5.180894e-15
neg_012314	5.056486e-12
neg_018453	1.4064361e-11
neg_009173	0.0028457525
neg_008582	0.3701662
neg_018033	1.913749e-13
neg_019552	0.00042766365
neg_010541	7.0803454e-12
neg_011931	2.2744405e-10
neg_021160	3.3934536e-10
neg_020178	7.9293785e-17
neg_002732	0.00016778964
neg_018149	0.0000012621315
neg_009877	9.2205815e-10
neg_014336	0.00002389364
neg_004422	2.5174654e-14
neg_005129	4.6091917e-9
neg_011558	6.074037e-8
neg_001009	4.1552902e-13
neg_002212	1.2696691e-11
neg_014026	0.000028037563
neg_011606	0.10571678
neg_019391	0.023594275
neg_020052	2.1825248e-7
neg_018267	8.535986e-15
neg_014685	9.705742e-7
neg_000097	4.578928e-8
neg_004298	1.289158e-13
neg_000233	0.00012207165
neg_019683	1.5515224e-13
neg_010558	2.3416136e-10
neg_007943	1.9038698e-7
neg_011156	9.715688e-9
neg_010758	7.917895e-9
neg_013413	4.0763657e-13
neg_006101	1.4570238e-8
neg_013480	3.951407e-10
neg_005742	1.161598e-13
neg_010578	6.1420346e-13
neg_018121	0.0000030094825
neg_012606	0.0000075011517
neg_011793	5.0302996e-13
neg_011366	5.5647956e-13
neg_000964	1.1837687e-11
neg_006164	3.979166e-9
neg_012233	6.4749167e-10
neg_017354	0.0000047115695
neg_008324	4.4529367e-9
neg_012290	1.08174324e-10
neg_017887	0.000010031013
neg_011181	1.6249803e-7
neg_007855	8.055713e-12
neg_010817	0.000086987515
neg_002553	0.000026765912
neg_012365	4.243784e-8
neg_019641	3.0986062e-12
neg_003647	0.00085472915
neg_017658	4.77435e-10
neg_000939	3.5001052e-10
neg_001668	1.917381e-9
neg_001240	3.0284242e-10
neg_013223	5.930475e-10
neg_011131	0.0022791645
neg_006617	0.000025420617
neg_010864	4.38784e-13
neg_015257	2.1280532e-14
neg_014847	8.794431e-10
neg_014480	2.3253027e-7
neg_016287	0.000015215806
neg_018758	2.7211078e-12
neg_012807	4.513662e-11
neg_011019	2.4761918e-10
neg_000410	3.618681e-8
neg_014365	7.5808385e-14
neg_016005	6.656537e-15
neg_013607	7.0637114e-9
neg_018387	0.00035179878
neg_012530	3.5504816e-13
neg_000379	8.290182e-12
neg_012032	0.00014733437
neg_008877	6.482162e-9
neg_013530	3.2379677e-15
neg_016305	9.30156e-16
neg_011125	0.00010100936
neg_002060	5.5033222e-9
neg_003153	0.0000020034192
neg_019943	2.815007e-9
neg_013449	2.732283e-13
neg_000222	4.608425e-7
neg_009260	5.4439758e-11
neg_013379	0.00001030726
neg_001251	6.822375e-8
neg_016230	1.4846471e-9
neg_006983	2.7781888e-11
neg_019794	2.036784e-8
neg_013618	0.000001230728
neg_004388	1.4750812e-7
neg_020943	1.2814333e-13
neg_020964	0.00007234949
neg_012766	2.8027918e-9
neg_003306	0.0000853129
neg_004325	0.000079366735
neg_001253	1.5697216e-13
neg_020603	4.254634e-9
neg_010341	1.6495668e-12
neg_020567	1.3783782e-15
neg_012331	7.504179e-13
neg_006421	1.5323636e-11
neg_001873	1.4435904e-9
neg_002209	3.2487563e-15
neg_014615	2.5885468e-13
neg_007578	9.475829e-9
neg_016448	4.4022057e-14
neg_014482	0.000009136258
neg_008406	5.643857e-8
neg_016106	1.9106854e-9
neg_008724	2.7643121e-16
neg_013991	1.1749172e-15
neg_013060	1.7243842e-12
neg_005113	1.9153932e-12
neg_015677	6.448551e-11
neg_000245	6.796905e-8
neg_000277	6.316011e-8
neg_003541	4.5603374e-12
neg_019184	0.009180911
neg_010288	1.5945903e-9
neg_011113	0.00011540703
neg_020047	3.0225453e-9
neg_010432	1.7907384e-8
neg_011784	1.0938407e-7
neg_020794	3.0317967e-8
neg_001168	6.083225e-10
neg_016052	1.4732627e-12
neg_012512	0.0035888623
neg_009154	1.5335033e-8
neg_014032	6.499906e-8
neg_010348	8.5538363e-7
neg_020196	6.643008e-10
neg_006115	1.8686233e-8
neg_002094	4.346106e-15
neg_014484	2.939396e-7
neg_014034	6.847989e-13
neg_015015	5.106286e-11
neg_003242	1.6439884e-12
neg_019327	0.0000029750936
neg_002120	3.9172485e-10
neg_003800	1.199991e-7
neg_011546	4.402771e-13
neg_013487	6.327423e-14
neg_003080	8.7770843e-7
neg_018309	2.4724983e-12
neg_006332	0.000010269936
neg_019806	7.349054e-15
neg_005820	1.0396999e-9
neg_007815	5.8016293e-11
neg_008149	1.4785515e-7
neg_006732	4.3259264e-15
neg_020078	2.9811744e-8
neg_017588	8.509338e-7
neg_009563	0.00033531146
neg_005049	1.5649714e-9
neg_006986	0.00010451746
neg_015074	1.9462095e-12
neg_007879	4.2297955e-8
neg_018519	0.00013793384
neg_018573	8.203531e-15
neg_010748	3.5639108e-8
neg_007544	1.2348207e-8
neg_017845	5.905395e-17
neg_009851	6.528869e-12
neg_007423	7.9165844e-8
neg_020797	9.762838e-8
neg_011985	1.2116672e-8
neg_019993	3.632786e-7
neg_002371	8.498389e-9
neg_007563	5.023452e-7
neg_005927	1.4616727e-15
neg_003618	2.0358986e-8
neg_012091	2.5394934e-8
neg_005069	1.1274867e-8
neg_013862	2.7347846e-10
neg_005872	6.9491094e-8
neg_006528	1.4302567e-7
neg_002438	0.00007743983
neg_009000	0.000007061106
neg_011029	7.66272e-12
neg_003493	0.0000028605468
neg_011142	0.000050492185
neg_009876	9.2205815e-10
neg_019729	0.00008020318
neg_014418	4.266139e-7
neg_017044	1.9948332e-7
neg_012825	2.920871e-12
neg_001452	1.9088904e-12
neg_014612	5.802227e-11
neg_004875	0.000051354527
neg_019078	5.704223e-8
neg_009874	8.3978895e-9
neg_005379	1.5389838e-14
neg_002682	1.962719e-7
neg_009657	1.4498321e-9
neg_006552	1.3478531e-12
neg_013743	1.5257369e-8
neg_012598	4.9067196e-17
neg_007671	2.748005e-16
neg_017437	1.5667522e-8
neg_017799	0.000017466025
neg_018928	9.883945e-13
neg_017094	1.8957402e-13
neg_010229	2.338738e-11
neg_001514	4.473429e-12
neg_000585	9.841915e-10
neg_015078	0.0000383765
neg_002759	0.0000049367113
neg_017511	7.2957846e-8
neg_012698	4.9336963e-15
neg_010585	2.414035e-12
neg_016542	2.8115593e-11
neg_008080	8.0519487e-16
neg_015471	1.8261339e-12
neg_012218	9.8423754e-8
neg_013034	3.078956e-10
neg_010102	2.5761604e-12
neg_004228	0.00006910232
neg_003272	5.1803734e-10
neg_020617	0.00005933357
neg_009869	2.1839167e-12
neg_018356	0.000007663979
neg_010487	0.0000012193733
neg_002007	7.320481e-9
neg_005499	6.907523e-12
neg_009169	0.000050692215
neg_015013	3.769207e-18
neg_000793	0.0000031292498
neg_010082	5.51416e-11
neg_003583	5.7222387e-11
neg_002522	0.000019118668
neg_007023	7.7090586e-16
neg_018731	0.2649549
neg_019449	2.908811e-9
neg_015853	4.82378e-13
neg_005983	5.024172e-13
neg_016083	1.0178696e-7
neg_012547	1.8851809e-11
neg_017828	2.2003673e-14
neg_004021	2.5323638e-8
neg_008221	3.1946333e-15
neg_017565	2.2451196e-13
neg_012750	6.119218e-14
neg_000824	2.6847886e-8
neg_012368	3.0589407e-15
neg_015991	5.3839664e-16
neg_006409	0.00010991575
neg_011207	3.6729578e-14
neg_002334	2.9012659e-8
neg_010186	3.751274e-12
neg_008921	6.794166e-13
neg_015008	2.3586015e-18
neg_018123	6.4996764e-10
neg_018302	0.0000030478393
neg_016512	2.7883678e-7
neg_016604	8.992678e-16
neg_013898	4.0052365e-7
neg_006253	2.641331e-7
neg_017369	3.056537e-8
neg_005694	4.575089e-15
neg_006014	4.6113044e-7
neg_011629	0.0051305415
neg_000537	0.000020230034
neg_016126	5.047158e-20
neg_006537	1.1423501e-14
neg_011951	3.136355e-10
neg_015885	0.00031805807
neg_002478	6.616055e-8
neg_018049	5.0483837e-15
neg_003542	5.5575988e-11
neg_002662	7.740797e-8
neg_004044	0.000009635323
neg_000975	0.009532885
neg_018689	9.2309e-16
neg_012224	2.4603626e-11
neg_002963	8.313291e-14
neg_005669	4.757589e-13
neg_010482	1.5986341e-13
neg_009019	0.0000021579135
neg_012635	0.000051354527
neg_008099	0.00007545976
neg_011753	4.835653e-10
neg_011265	6.36258e-10
neg_019108	0.000084096304
neg_015669	2.3166926e-9
neg_019612	0.0000031771947
neg_015874	1.3927682e-11
neg_003168	4.104722e-11
neg_007731	1.0492476e-10
neg_011443	1.7162344e-7
neg_008880	0.001071694
neg_016316	2.0831695e-7
neg_010007	1.4784845e-8
neg_015497	6.858093e-13
neg_000607	0.0000031322834
neg_013273	4.1419894e-9
neg_005520	6.179157e-12
neg_010793	1.2815809e-8
neg_014512	0.000009983723
neg_009651	1.479375e-13
neg_006153	0.0000107729
neg_019130	5.3681714e-7
neg_011539	2.3425528e-9
neg_003540	5.1397747e-10
neg_016552	0.0000539019
neg_019762	6.367066e-8
neg_014643	0.0003650124
neg_008032	1.2317999e-16
neg_000281	8.5193644e-11
neg_008096	4.925031e-7
neg_010485	2.6310378e-8
neg_011327	0.000007343619
neg_017624	0.00003054965
neg_017146	0.005784671
neg_005434	8.1801144e-10
neg_005825	6.2820643e-10
neg_010583	5.4283794e-7
neg_002235	2.6165853e-7
neg_017585	4.5719726e-12
neg_016657	1.8718345e-11
neg_006873	2.8952911e-11
neg_004653	5.515285e-15
neg_001087	1.921307e-11
neg_018544	6.148684e-8
neg_010261	3.5322271e-15
neg_007728	0.0058581666
neg_013968	0.0000022197005
neg_001320	3.914009e-9
neg_009675	3.164194e-13
neg_016959	4.228976e-14
neg_000496	7.6919484e-8
neg_009067	9.550211e-11
neg_019791	1.6604205e-18
neg_005115	4.491663e-13
neg_015686	7.656275e-9
neg_018047	0.0000116029705
neg_020080	5.245831e-13
neg_012150	2.7525128e-11
neg_004848	3.0879573e-8
neg_005121	2.4590955e-7
neg_007749	3.5558415e-7
neg_018062	4.0771266e-7
neg_010856	6.1090873e-13
neg_007601	4.0996406e-9
neg_008121	0.000054081487
neg_000383	7.908055e-9
neg_004307	1.0017216e-8
neg_016551	0.000006263702
neg_016385	2.0094245e-13
neg_014387	0.0000066939997
neg_007133	2.195587e-15
neg_014516	8.9173376e-8
neg_018713	2.8259865e-13
neg_013102	0.00018529517
neg_002411	0.000035859623
neg_013720	3.1944065e-12
neg_005792	6.619327e-11
neg_003014	7.3977546e-8
neg_007894	2.8911464e-15
neg_002940	9.929608e-11
neg_012771	0.000013081967
neg_019877	6.288109e-9
neg_018281	1.5284615e-10
neg_013612	7.219359e-8
neg_019459	1.6768132e-8
neg_015012	1.1012482e-9
neg_016360	5.5767947e-12
neg_018308	1.0528969e-9
neg_014877	7.424729e-11
neg_013624	1.1741305e-8
neg_001806	4.0027714e-9
neg_008948	1.5343388e-17
neg_009009	1.9348437e-7
neg_011959	1.17727836e-7
neg_014703	2.2678325e-8
neg_017005	2.4765155e-8
neg_007235	6.5403724e-12
neg_020792	9.00983e-12
neg_019945	5.7627424e-11
neg_013050	1.6787964e-9
neg_005021	5.195028e-10
neg_015058	1.0044341e-9
neg_005878	3.5233846e-8
neg_019237	1.1560651e-10
neg_007839	2.1397233e-13
neg_015476	2.0566489e-7
neg_020030	0.000037049544
neg_017644	0.0000011150282
neg_015692	0.0000013137162
neg_008772	1.42882e-9
neg_016820	3.2478144e-15
neg_005511	0.0000015558924
neg_004685	2.2787383e-11
neg_014848	0.00016998647
neg_020954	3.1238623e-12
neg_007139	1.9431477e-10
neg_012645	2.2426054e-11
neg_019159	8.491363e-15
neg_014121	0.000003961308
neg_019059	0.000068379755
neg_019290	5.0685703e-14
neg_000206	0.000050646213
neg_000443	0.000008693713
neg_009719	1.9242648e-13
neg_016098	6.272327e-11
neg_014834	1.5400191e-12
neg_019016	0.00001152021
neg_014082	1.5151633e-8
neg_019389	0.0054604113
neg_015408	1.4458098e-7
neg_013512	3.1285495e-8
neg_008906	0.0000010965892
neg_017236	3.3512795e-9
neg_011819	1.281261e-15
neg_015735	3.0148745e-10
neg_013441	1.9955946e-9
neg_000838	2.2543753e-7
neg_004166	1.0715817e-11
neg_012303	0.00021331098
neg_001673	4.55148e-13
neg_014109	0.00025059617
neg_017980	1.8101532e-7
neg_000792	5.8972677e-10
neg_010538	2.7971222e-15
neg_016842	2.8176197e-15
neg_017932	0.0011971514
neg_005966	4.9236786e-7
neg_000996	2.9935442e-12
neg_003159	7.2869454e-7
neg_004374	0.0014693701
neg_015106	1.3194628e-7
neg_001367	4.2509107e-9
neg_002593	6.341384e-8
neg_020695	0.00001094549
neg_004096	1.5321459e-7
neg_000682	1.1524039e-10
neg_000301	7.7728164e-11
neg_014470	3.3968647e-11
neg_003720	2.5884743e-8
neg_020177	0.0073920726
neg_002221	2.896298e-10
neg_013216	1.3044588e-9
neg_009615	1.8447679e-9
neg_019109	2.5378612e-12
neg_001629	0.0000033496085
neg_017656	1.4658963e-12
neg_007203	2.3834392e-17
neg_009226	2.804333e-12
neg_019495	8.879063e-9
neg_013565	6.23601e-9
neg_016363	0.000047509307
neg_014290	2.227342e-13
neg_019011	2.4658341e-16
neg_015371	4.7240767e-10
neg_012503	0.00027062465
neg_010532	0.0003170085
neg_008546	5.6420937e-11
neg_004541	2.053777e-8
neg_000439	7.2348047e-7
neg_005471	2.7871333e-10
neg_015028	6.7361306e-8
neg_001082	2.095016e-11
neg_020113	0.00058952847
neg_001735	1.0384819e-11
neg_020465	7.638053e-10
neg_011179	4.545705e-8
neg_011714	1.5971934e-12
neg_002543	6.2945975e-7
neg_008930	1.2815809e-8
neg_012496	0.00042889517
neg_003539	1.3646851e-9
neg_014147	0.00039388397
neg_008689	1.3251982e-7
neg_019625	1.7297214e-7
neg_017185	5.687199e-12
neg_011855	4.5108626e-12
neg_021107	1.5560671e-15
neg_002112	1.5705812e-9
neg_007623	3.280094e-11
neg_003094	0.0000017657555
neg_019710	1.1308727e-15
neg_003252	2.4659062e-7
neg_004313	5.8493722e-8
neg_005671	1.5835078e-11
neg_001578	6.969903e-7
neg_018835	2.663716e-13
neg_012125	3.4985852e-9
neg_015952	2.7692133e-7
neg_019123	0.0000018718159
neg_019934	0.00018151516
neg_002712	4.5805884e-8
neg_016276	0.000004775503
neg_019570	0.00006970665
neg_000635	1.813323e-12
